"RK",TIERS,"PLAYER NAME",TEAM,"POS","BYE WEEK","UPSIDE ","BUST ","SOS SEASON","ECR VS. ADP"
"1",1,"Bijan Robinson",ATL,"RB1","11","Coach Upside rating","Coach Bust rating","2 out of 5 stars","+1"
"2",1,"Jahmyr Gibbs",DET,"RB2","6","Coach Upside rating","Coach Bust rating","5 out of 5 stars","-1"
"3",1,"Ja'Marr Chase",CIN,"WR1","6","Coach Upside rating","Coach Bust rating","4 out of 5 stars","0"
"4",1,"Puka Nacua",LAR,"WR2","11","Coach Upside rating","Coach Bust rating","1 out of 5 stars","0"
"5",1,"Jaxon Smith-Njigba",SEA,"WR3","11","Coach Upside rating","Coach Bust rating","3 out of 5 stars","0"
"6",1,"Amon-Ra St. Brown",DET,"WR4","6","Coach Upside rating","Coach Bust rating","4 out of 5 stars","+2"
"7",1,"Christian McCaffrey",SF,"RB3","8","Coach Upside rating","Coach Bust rating","2 out of 5 stars","-1"
"8",2,"Jonathan Taylor",IND,"RB4","13","Coach Upside rating","Coach Bust rating","4 out of 5 stars","-1"
"9",2,"CeeDee Lamb",DAL,"WR5","14","Coach Upside rating","Coach Bust rating","2 out of 5 stars","+2"
"10",2,"Justin Jefferson",MIN,"WR6","6","Coach Upside rating","Coach Bust rating","5 out of 5 stars","-1"
"11",2,"James Cook III",BUF,"RB5","7","Coach Upside rating","Coach Bust rating","2 out of 5 stars","-1"
"12",2,"Ashton Jeanty",LV,"RB6","13","Coach Upside rating","Coach Bust rating","2 out of 5 stars","0"
"13",2,"Drake London",ATL,"WR7","11","Coach Upside rating","Coach Bust rating","3 out of 5 stars","+8"
"14",2,"De'Von Achane",MIA,"RB7","6","Coach Upside rating","Coach Bust rating","3 out of 5 stars","+1"
"15",2,"Nico Collins",HOU,"WR8","8","Coach Upside rating","Coach Bust rating","3 out of 5 stars","+8"
"16",3,"Saquon Barkley",PHI,"RB8","10","Coach Upside rating","Coach Bust rating","4 out of 5 stars","-3"
"17",3,"Brock Bowers",LV,"TE1","13","Coach Upside rating","Coach Bust rating","3 out of 5 stars","0"
"18",3,"A.J. Brown",NE,"WR9","11","Coach Upside rating","Coach Bust rating","2 out of 5 stars","+2"
"19",3,"Chase Brown",CIN,"RB9","6","Coach Upside rating","Coach Bust rating","2 out of 5 stars","-3"
"20",3,"Omarion Hampton",LAC,"RB10","7","Coach Upside rating","Coach Bust rating","3 out of 5 stars","-6"
"21",3,"George Pickens",DAL,"WR10","14","Coach Upside rating","Coach Bust rating","2 out of 5 stars","+4"
"22",3,"Trey McBride",ARI,"TE2","14","Coach Upside rating","Coach Bust rating","2 out of 5 stars","-3"
"23",3,"Derrick Henry",BAL,"RB11","13","Coach Upside rating","Coach Bust rating","3 out of 5 stars","-1"
"24",3,"Kenneth Walker III",KC,"RB12","5","Coach Upside rating","Coach Bust rating","3 out of 5 stars","-6"
"25",3,"Chris Olave",NO,"WR11","8","Coach Upside rating","Coach Bust rating","3 out of 5 stars","+2"
"26",3,"Josh Allen",BUF,"QB1","7","Coach Upside rating","Coach Bust rating","3 out of 5 stars","-2"
"AD",3
"27",3,"Rashee Rice",KC,"WR12","5","Coach Upside rating","Coach Bust rating","2 out of 5 stars","+1"
"28",3,"DeVonta Smith",PHI,"WR13","10","Coach Upside rating","Coach Bust rating","4 out of 5 stars","+1"
"29",4,"Jeremiyah Love",ARI,"RB13","14","Coach Upside rating","Coach Bust rating","2 out of 5 stars","-3"
"30",4,"Tetairoa McMillan",CAR,"WR14","5","Coach Upside rating","Coach Bust rating","2 out of 5 stars","+11"
"31",4,"Tee Higgins",CIN,"WR15","6","Coach Upside rating","Coach Bust rating","4 out of 5 stars","+6"
"32",4,"Kyren Williams",LAR,"RB14","11","Coach Upside rating","Coach Bust rating","5 out of 5 stars","-2"
"33",4,"Zay Flowers",BAL,"WR16","13","Coach Upside rating","Coach Bust rating","4 out of 5 stars","+2"
"34",4,"Lamar Jackson",BAL,"QB2","13","Coach Upside rating","Coach Bust rating","3 out of 5 stars","+10"
"35",4,"Drake Maye",NE,"QB3","11","Coach Upside rating","Coach Bust rating","2 out of 5 stars","+22"
"36",4,"Malik Nabers",NYG,"WR17","8","Coach Upside rating","Coach Bust rating","4 out of 5 stars","+3"
"37",4,"Breece Hall",NYJ,"RB15","13","Coach Upside rating","Coach Bust rating","3 out of 5 stars","-6"
"38",4,"Josh Jacobs",GB,"RB16","11","Coach Upside rating","Coach Bust rating","4 out of 5 stars","0"
"39",4,"Garrett Wilson",NYJ,"WR18","13","Coach Upside rating","Coach Bust rating","4 out of 5 stars","+4"
"40",4,"Colston Loveland",CHI,"TE3","10","Coach Upside rating","Coach Bust rating","2 out of 5 stars","-6"
"41",4,"Ladd McConkey",LAC,"WR19","7","Coach Upside rating","Coach Bust rating","2 out of 5 stars","+1"
"42",4,"Javonte Williams",DAL,"RB17","14","Coach Upside rating","Coach Bust rating","4 out of 5 stars","-10"
"43",4,"Emeka Egbuka",TB,"WR20","10","Coach Upside rating","Coach Bust rating","4 out of 5 stars","-7"
"44",4,"Jaylen Waddle",DEN,"WR21","10","Coach Upside rating","Coach Bust rating","2 out of 5 stars","+7"
"45",4,"Travis Etienne Jr.",NO,"RB18","8","Coach Upside rating","Coach Bust rating","3 out of 5 stars","-12"
"46",4,"Joe Burrow",CIN,"QB4","6","Coach Upside rating","Coach Bust rating","3 out of 5 stars","+2"
"47",4,"Terry McLaurin",WAS,"WR22","7","Coach Upside rating","Coach Bust rating","2 out of 5 stars","+5"
"48",5,"Luther Burden III",CHI,"WR23","10","Coach Upside rating","Coach Bust rating","3 out of 5 stars","-2"
"49",5,"Davante Adams",LAR,"WR24","11","Coach Upside rating","Coach Bust rating","1 out of 5 stars","+6"
"50",5,"Cam Skattebo",NYG,"RB19","8","Coach Upside rating","Coach Bust rating","4 out of 5 stars","-10"
"51",5,"Jameson Williams",DET,"WR25","6","Coach Upside rating","Coach Bust rating","4 out of 5 stars","+8"
"52",5,"Bucky Irving",TB,"RB20","10","Coach Upside rating","Coach Bust rating","2 out of 5 stars","+4"
"53",5,"D'Andre Swift",CHI,"RB21","10","Coach Upside rating","Coach Bust rating","2 out of 5 stars","0"
"54",5,"Quinshon Judkins",CLE,"RB22","11","Coach Upside rating","Coach Bust rating","3 out of 5 stars","-5"
"55",5,"Mike Evans",SF,"WR26","8","Coach Upside rating","Coach Bust rating","2 out of 5 stars","+3"
"56",5,"Tyler Warren",IND,"TE4","13","Coach Upside rating","Coach Bust rating","3 out of 5 stars","-6"
"57",5,"TreVeyon Henderson",NE,"RB23","11","Coach Upside rating","Coach Bust rating","2 out of 5 stars","-3"
"58",5,"Christian Watson",GB,"WR27","11","Coach Upside rating","Coach Bust rating","5 out of 5 stars","+6"
"59",5,"Jayden Daniels",WAS,"QB5","7","Coach Upside rating","Coach Bust rating","2 out of 5 stars","+2"
"60",5,"Jalen Hurts",PHI,"QB6","10","Coach Upside rating","Coach Bust rating","5 out of 5 stars","+6"
"61",5,"David Montgomery",HOU,"RB24","8","Coach Upside rating","Coach Bust rating","4 out of 5 stars","-14"
"62",5,"DJ Moore",BUF,"WR28","7","Coach Upside rating","Coach Bust rating","4 out of 5 stars","-17"
"63",5,"Rome Odunze",CHI,"WR29","10","Coach Upside rating","Coach Bust rating","3 out of 5 stars","0"
"64",5,"Bhayshul Tuten",JAC,"RB25","7","Coach Upside rating","Coach Bust rating","4 out of 5 stars","-4"
"65",5,"Tucker Kraft",GB,"TE5","11","Coach Upside rating","Coach Bust rating","2 out of 5 stars","+3"
"66",5,"Jadarian Price",SEA,"RB26","11","Coach Upside rating","Coach Bust rating","4 out of 5 stars","-4"
"67",5,"Caleb Williams",CHI,"QB7","10","Coach Upside rating","Coach Bust rating","3 out of 5 stars","-2"
"68",5,"Carnell Tate",TEN,"WR30","9","Coach Upside rating","Coach Bust rating","3 out of 5 stars","+1"
"69",5,"Justin Herbert",LAC,"QB8","7","Coach Upside rating","Coach Bust rating","2 out of 5 stars","+13"
"70",6,"Jaylen Warren",PIT,"RB27","9","Coach Upside rating","Coach Bust rating","2 out of 5 stars","+3"
"71",6,"Marvin Harrison Jr.",ARI,"WR31","14","Coach Upside rating","Coach Bust rating","2 out of 5 stars","+1"
"72",6,"Alec Pierce",IND,"WR32","13","Coach Upside rating","Coach Bust rating","4 out of 5 stars","+13"
"73",6,"Trevor Lawrence",JAC,"QB9","7","Coach Upside rating","Coach Bust rating","4 out of 5 stars","+8"
"74",6,"DK Metcalf",PIT,"WR33","9","Coach Upside rating","Coach Bust rating","3 out of 5 stars","+12"
"75",6,"Chuba Hubbard",CAR,"RB28","5","Coach Upside rating","Coach Bust rating","1 out of 5 stars","+2"
"76",6,"Rhamondre Stevenson",NE,"RB29","11","Coach Upside rating","Coach Bust rating","2 out of 5 stars","0"
"77",6,"Tony Pollard",TEN,"RB30","9","Coach Upside rating","Coach Bust rating","3 out of 5 stars","-6"
"78",6,"Harold Fannin Jr.",CLE,"TE6","11","Coach Upside rating","Coach Bust rating","3 out of 5 stars","-3"
"79",6,"Brian Thomas Jr.",JAC,"WR34","7","Coach Upside rating","Coach Bust rating","4 out of 5 stars","-12"
"80",6,"Courtland Sutton",DEN,"WR35","10","Coach Upside rating","Coach Bust rating","2 out of 5 stars","+7"
"81",6,"Rico Dowdle",PIT,"RB31","9","Coach Upside rating","Coach Bust rating","2 out of 5 stars","+3"
"82",6,"Dak Prescott",DAL,"QB10","14","Coach Upside rating","Coach Bust rating","2 out of 5 stars","-12"
"83",6,"Kyle Pitts Sr.",ATL,"TE7","11","Coach Upside rating","Coach Bust rating","3 out of 5 stars","-9"
"84",6,"Sam LaPorta",DET,"TE8","6","Coach Upside rating","Coach Bust rating","3 out of 5 stars","-4"
"85",6,"Jaxson Dart",NYG,"QB11","8","Coach Upside rating","Coach Bust rating","4 out of 5 stars","+6"
"86",6,"Chris Godwin Jr.",TB,"WR36","10","Coach Upside rating","Coach Bust rating","4 out of 5 stars","+6"
"87",6,"Jordyn Tyson",NO,"WR37","8","Coach Upside rating","Coach Bust rating","3 out of 5 stars","-8"
"88",6,"RJ Harvey",DEN,"RB32","10","Coach Upside rating","Coach Bust rating","2 out of 5 stars","-5"
"89",6,"Parker Washington",JAC,"WR38","7","Coach Upside rating","Coach Bust rating","4 out of 5 stars","-11"
"90",6,"Brock Purdy",SF,"QB12","8","Coach Upside rating","Coach Bust rating","1 out of 5 stars","+8"
"AD",6
"91",6,"Kyle Monangai",CHI,"RB33","10","Coach Upside rating","Coach Bust rating","2 out of 5 stars","-1"
"92",6,"Michael Wilson",ARI,"WR39","14","Coach Upside rating–No rating available","Coach Bust rating–No rating available","2 out of 5 stars","-3"
"93",6,"Makai Lemon",PHI,"WR40","10","Coach Upside rating","Coach Bust rating","4 out of 5 stars","+2"
"94",6,"Blake Corum",LAR,"RB34","11","Coach Upside rating","Coach Bust rating","5 out of 5 stars","+5"
"95",6,"Michael Pittman Jr.",PIT,"WR41","9","Coach Upside rating","Coach Bust rating","3 out of 5 stars","+9"
"96",7,"J.K. Dobbins",DEN,"RB35","10","Coach Upside rating","Coach Bust rating","2 out of 5 stars","+1"
"97",7,"Patrick Mahomes II",KC,"QB13","5","Coach Upside rating","Coach Bust rating","2 out of 5 stars","-3"
"98",7,"Jakobi Meyers",JAC,"WR42","7","Coach Upside rating","Coach Bust rating","4 out of 5 stars","+14"
"99",7,"Bo Nix",DEN,"QB14","10","Coach Upside rating","Coach Bust rating","3 out of 5 stars","+4"
"100",7,"Quentin Johnston",LAC,"WR43","7","Coach Upside rating","Coach Bust rating","2 out of 5 stars","-7"
"101",7,"Kenny Gainwell",TB,"RB36","10","Coach Upside rating","Coach Bust rating","2 out of 5 stars","+1"
"102",7,"Travis Kelce",KC,"TE9","5","Coach Upside rating","Coach Bust rating","4 out of 5 stars","+5"
"103",7,"Matthew Stafford",LAR,"QB15","11","Coach Upside rating","Coach Bust rating","3 out of 5 stars","-15"
"104",7,"Ricky Pearsall",SF,"WR44","8","Coach Upside rating","Coach Bust rating","2 out of 5 stars","+7"
"105",7,"Jordan Addison",MIN,"WR45","6","Coach Upside rating","Coach Bust rating","5 out of 5 stars","+3"
"106",7,"Wan'Dale Robinson",TEN,"WR46","9","Coach Upside rating","Coach Bust rating","3 out of 5 stars","+3"
"107",7,"Aaron Jones Sr.",MIN,"RB37","6","Coach Upside rating","Coach Bust rating","4 out of 5 stars","+17"
"108",7,"Rachaad White",WAS,"RB38","7","Coach Upside rating","Coach Bust rating","4 out of 5 stars","+5"
"109",7,"Dalton Kincaid",BUF,"TE10","7","Coach Upside rating","Coach Bust rating","3 out of 5 stars","+5"
"110",7,"Jared Goff",DET,"QB16","6","Coach Upside rating","Coach Bust rating","5 out of 5 stars","-10"
"111",7,"Jayden Reed",GB,"WR47","11","Coach Upside rating","Coach Bust rating","5 out of 5 stars","-5"
"112",7,"George Kittle",SF,"TE11","8","Coach Upside rating","Coach Bust rating","3 out of 5 stars","-16"
"113",7,"Josh Downs",IND,"WR48","13","Coach Upside rating","Coach Bust rating","4 out of 5 stars","-3"
"114",7,"Kyler Murray",MIN,"QB17","6","Coach Upside rating","Coach Bust rating","5 out of 5 stars","+2"
"115",7,"Jacory Croskey-Merritt",WAS,"RB39","7","Coach Upside rating","Coach Bust rating","4 out of 5 stars","+10"
"116",7,"Jake Ferguson",DAL,"TE12","14","Coach Upside rating","Coach Bust rating","2 out of 5 stars","+4"
"117",7,"Isaiah Likely",NYG,"TE13","8","Coach Upside rating","Coach Bust rating","3 out of 5 stars","-16"
"118",7,"Jordan Mason",MIN,"RB40","6","Coach Upside rating","Coach Bust rating","4 out of 5 stars","0"
"119",7,"Dallas Goedert",PHI,"TE14","10","Coach Upside rating","Coach Bust rating","4 out of 5 stars","-2"
"120",7,"Xavier Worthy",KC,"WR49","5","Coach Upside rating","Coach Bust rating","2 out of 5 stars","-5"
"121",7,"Jordan Love",GB,"QB18","11","Coach Upside rating","Coach Bust rating","4 out of 5 stars","-2"
"122",7,"Baker Mayfield",TB,"QB19","10","Coach Upside rating","Coach Bust rating","2 out of 5 stars","0"
"123",7,"Tyrone Tracy Jr.",NYG,"RB41","8","Coach Upside rating","Coach Bust rating","4 out of 5 stars","+8"
"124",7,"Jayden Higgins",HOU,"WR50","8","Coach Upside rating","Coach Bust rating","3 out of 5 stars","+9"
"125",7,"Tyler Shough",NO,"QB20","8","Coach Upside rating","Coach Bust rating","3 out of 5 stars","-2"
"126",7,"Khalil Shakir",BUF,"WR51","7","Coach Upside rating","Coach Bust rating","4 out of 5 stars","+3"
"127",7,"Mark Andrews",BAL,"TE15","13","Coach Upside rating","Coach Bust rating","4 out of 5 stars","-6"
"128",7,"Romeo Doubs",NE,"WR52","11","Coach Upside rating","Coach Bust rating","2 out of 5 stars","-1"
"129",7,"Chris Rodriguez Jr.",JAC,"RB42","7","Coach Upside rating","Coach Bust rating","4 out of 5 stars","+7"
"130",8,"KC Concepcion",CLE,"WR53","11","Coach Upside rating","Coach Bust rating","3 out of 5 stars","-2"
"131",8,"Zach Charbonnet",SEA,"RB43","11","Coach Upside rating","Coach Bust rating","4 out of 5 stars","+11"
"132",8,"Malik Willis",MIA,"QB21","6","Coach Upside rating","Coach Bust rating","3 out of 5 stars","-2"
"133",8,"Jonathon Brooks",CAR,"RB44","5","Coach Upside rating","Coach Bust rating","1 out of 5 stars","-28"
"134",8,"Tyler Allgeier",ARI,"RB45","14","Coach Upside rating","Coach Bust rating","2 out of 5 stars","+22"
"135",8,"Jalen Coker",CAR,"WR54","5","Coach Upside rating","Coach Bust rating","2 out of 5 stars","+2"
"136",8,"Matthew Golden",GB,"WR55","11","Coach Upside rating","Coach Bust rating","5 out of 5 stars","-10"
"137",8,"Isiah Pacheco",DET,"RB46","6","Coach Upside rating","Coach Bust rating","5 out of 5 stars","+10"
"138",8,"Woody Marks",HOU,"RB47","8","Coach Upside rating","Coach Bust rating","4 out of 5 stars","+1"
"139",8,"Juwan Johnson",NO,"TE16","8","Coach Upside rating","Coach Bust rating","2 out of 5 stars","+1"
"140",8,"Tyjae Spears",TEN,"RB48","9","Coach Upside rating","Coach Bust rating","3 out of 5 stars","+10"
"141",8,"Dylan Sampson",CLE,"RB49","11","Coach Upside rating","Coach Bust rating","3 out of 5 stars","+24"
"142",8,"C.J. Stroud",HOU,"QB22","8","Coach Upside rating","Coach Bust rating","4 out of 5 stars","-1"
"143",8,"Brenton Strange",JAC,"TE17","7","Coach Upside rating","Coach Bust rating","3 out of 5 stars","-5"
"144",8,"Hunter Henry",NE,"TE18","11","Coach Upside rating","Coach Bust rating","4 out of 5 stars","+1"
"145",8,"Rashid Shaheed",SEA,"WR56","11","Coach Upside rating","Coach Bust rating","3 out of 5 stars","-10"
"146",8,"Oronde Gadsden II",LAC,"TE19","7","Coach Upside rating","Coach Bust rating","4 out of 5 stars","-3"
"147",8,"Keaton Mitchell",LAC,"RB50","7","Coach Upside rating","Coach Bust rating","3 out of 5 stars","+1"
"148",8,"Sam Darnold",SEA,"QB23","11","Coach Upside rating","Coach Bust rating","4 out of 5 stars","-16"
"149",8,"Cam Ward",TEN,"QB24","9","Coach Upside rating","Coach Bust rating","3 out of 5 stars","-3"
"150",8,"Brian Robinson Jr.",ATL,"RB51","11","Coach Upside rating","Coach Bust rating","2 out of 5 stars","+12"
"151",8,"Omar Cooper Jr.",NYJ,"WR57","13","Coach Upside rating","Coach Bust rating","4 out of 5 stars","+7"
"152",8,"Chig Okonkwo",WAS,"TE20","7","Coach Upside rating","Coach Bust rating","1 out of 5 stars","-18"
"153",8,"Alvin Kamara",NO,"RB52","8","Coach Upside rating","Coach Bust rating","3 out of 5 stars","+8"
"154",8,"Jerry Jeudy",CLE,"WR58","11","Coach Upside rating","Coach Bust rating","3 out of 5 stars","+18"
"155",8,"Tank Bigsby",PHI,"RB53","10","Coach Upside rating","Coach Bust rating","4 out of 5 stars","+11"
"156",8,"Jauan Jennings",MIN,"WR59","6","Coach Upside rating","Coach Bust rating","5 out of 5 stars","+3"
"157",8,"Daniel Jones",IND,"QB25","13","Coach Upside rating","Coach Bust rating","4 out of 5 stars","-8"
"158",8,"Jonah Coleman",DEN,"RB54","10","Coach Upside rating","Coach Bust rating","2 out of 5 stars","-3"
"159",8,"Jalen McMillan",TB,"WR60","10","Coach Upside rating","Coach Bust rating","4 out of 5 stars","-6"
"160",8,"Denzel Boston",CLE,"WR61","11","Coach Upside rating","Coach Bust rating","3 out of 5 stars","0"
"161",8,"Travis Hunter",JAC,"WR62","7","Coach Upside rating","Coach Bust rating","4 out of 5 stars","+44"
"162",8,"Adonai Mitchell",NYJ,"WR63","13","Coach Upside rating","Coach Bust rating","4 out of 5 stars","+19"
"163",8,"Dalton Schultz",HOU,"TE21","8","Coach Upside rating","Coach Bust rating","4 out of 5 stars","0"
"164",8,"Bryce Young",CAR,"QB26","5","Coach Upside rating","Coach Bust rating","2 out of 5 stars","-7"
"165",8,"Braelon Allen",NYJ,"RB55","13","Coach Upside rating","Coach Bust rating","3 out of 5 stars","+27"
"166",9,"Kayshon Boutte",NE,"WR64","11","Coach Upside rating","Coach Bust rating","2 out of 5 stars","+33"
"167",9,"Emanuel Wilson",SEA,"RB56","11","Coach Upside rating","Coach Bust rating","4 out of 5 stars","+48"
"168",9,"Tre Tucker",LV,"WR65","13","Coach Upside rating","Coach Bust rating","2 out of 5 stars","-1"
"169",9,"Kenyon Sadiq",NYJ,"TE22","13","Coach Upside rating","Coach Bust rating","4 out of 5 stars","-18"
"170",9,"Ryan Flournoy",DAL,"WR66","14","Coach Upside rating","Coach Bust rating","2 out of 5 stars","+14"
"171",9,"Tre' Harris",LAC,"WR67","7","Coach Upside rating","Coach Bust rating","2 out of 5 stars","+15"
"172",9,"T.J. Hockenson",MIN,"TE23","6","Coach Upside rating","Coach Bust rating","4 out of 5 stars","-18"
"173",9,"Troy Franklin",DEN,"WR68","10","Coach Upside rating","Coach Bust rating","2 out of 5 stars","+47"
"174",9,"AJ Barner",SEA,"TE24","11","Coach Upside rating","Coach Bust rating","3 out of 5 stars","+3"
"175",9,"Isaac TeSlaa",DET,"WR69","6","Coach Upside rating","Coach Bust rating","4 out of 5 stars","+4"
"176",9,"Kimani Vidal",LAC,"RB57","7","Coach Upside rating–No rating available","Coach Bust rating–No rating available","3 out of 5 stars","+30"
"177",9,"Calvin Ridley",TEN,"WR70","9","Coach Upside rating","Coach Bust rating","3 out of 5 stars","-2"
"178",9,"James Conner",ARI,"RB58","14","Coach Upside rating","Coach Bust rating","2 out of 5 stars","+48"
"179",9,"Jacoby Brissett",ARI,"QB27","14","Coach Upside rating","Coach Bust rating","2 out of 5 stars","-11"
"180",9,"Ray Davis",BUF,"RB59","7","Coach Upside rating–No rating available","Coach Bust rating–No rating available","2 out of 5 stars","+20"
"181",9,"Jaylin Noel",HOU,"WR71","8","Coach Upside rating","Coach Bust rating","3 out of 5 stars","+57"
"182",9,"Houston Texans",HOU,"DST1","8","Coach Upside rating–No rating available","Coach Bust rating–No rating available","2 out of 5 stars","-"
"183",9,"Stefon Diggs",FA,"WR72","-","Coach Upside rating","Coach Bust rating","-","-39"
"184",9,"Pat Bryant",DEN,"WR73","10","Coach Upside rating–No rating available","Coach Bust rating–No rating available","2 out of 5 stars","+48"
"185",9,"Gunnar Helm",TEN,"TE25","9","Coach Upside rating","Coach Bust rating","3 out of 5 stars","-7"
"186",9,"Darnell Mooney",NYG,"WR74","8","Coach Upside rating","Coach Bust rating","4 out of 5 stars","+31"
"187",9,"Emmett Johnson",KC,"RB60","5","Coach Upside rating","Coach Bust rating","3 out of 5 stars","0"
"188",9,"Jalen Nailor",LV,"WR75","13","Coach Upside rating–No rating available","Coach Bust rating–No rating available","2 out of 5 stars","-36"
"189",9,"De'Zhaun Stribling",SF,"WR76","8","Coach Upside rating","Coach Bust rating","2 out of 5 stars","+2"
"190",9,"Mike Washington Jr.",LV,"RB61","13","Coach Upside rating","Coach Bust rating","2 out of 5 stars","-1"
"191",9,"Sean Tucker",TB,"RB62","10","Coach Upside rating","Coach Bust rating","2 out of 5 stars","-8"
"192",9,"Denver Broncos",DEN,"DST2","10","Coach Upside rating–No rating available","Coach Bust rating–No rating available","4 out of 5 stars","-"
"193",9,"Malik Washington",MIA,"WR77","6","Coach Upside rating","Coach Bust rating","3 out of 5 stars","-17"
"194",9,"Seattle Seahawks",SEA,"DST3","11","Coach Upside rating–No rating available","Coach Bust rating–No rating available","2 out of 5 stars","-"
"195",9,"Pat Freiermuth",PIT,"TE26","9","Coach Upside rating","Coach Bust rating","2 out of 5 stars","-2"
"196",9,"Deebo Samuel Sr.",FA,"WR78","-","Coach Upside rating–No rating available","Coach Bust rating–No rating available","-","-25"
"197",9,"Los Angeles Rams",LAR,"DST4","11","Coach Upside rating–No rating available","Coach Bust rating–No rating available","2 out of 5 stars","-"
"198",9,"David Njoku",LAC,"TE27","7","Coach Upside rating","Coach Bust rating","4 out of 5 stars","-16"
"199",9,"Terrance Ferguson",LAR,"TE28","11","Coach Upside rating","Coach Bust rating","4 out of 5 stars","-3"
"200",9,"Philadelphia Eagles",PHI,"DST5","10","Coach Upside rating–No rating available","Coach Bust rating–No rating available","0 out of 5 stars","-"
"201",9,"Nicholas Singleton",TEN,"RB63","9","Coach Upside rating","Coach Bust rating","3 out of 5 stars","-11"
"202",9,"Pittsburgh Steelers",PIT,"DST6","9","Coach Upside rating–No rating available","Coach Bust rating–No rating available","5 out of 5 stars","-"
"203",9,"Jacksonville Jaguars",JAC,"DST7","7","Coach Upside rating–No rating available","Coach Bust rating–No rating available","3 out of 5 stars","-"
"204",9,"Ted Hurst III",TB,"WR79","10","Coach Upside rating–No rating available","Coach Bust rating–No rating available","4 out of 5 stars","+26"
"205",9,"Ka'imi Fairbairn",HOU,"K1","8","Coach Upside rating","Coach Bust rating","2 out of 5 stars","-"
"206",9,"Cade Otton",TB,"TE29","10","Coach Upside rating–No rating available","Coach Bust rating–No rating available","2 out of 5 stars","-26"
"207",9,"Chimere Dike",TEN,"WR80","9","Coach Upside rating","Coach Bust rating","3 out of 5 stars","+41"
"208",9,"Cameron Dicker",LAC,"K2","7","Coach Upside rating–No rating available","Coach Bust rating–No rating available","2 out of 5 stars","-"
"209",9,"Brandon Aubrey",DAL,"K3","14","Coach Upside rating","Coach Bust rating","2 out of 5 stars","-"
"210",9,"Minnesota Vikings",MIN,"DST8","6","Coach Upside rating–No rating available","Coach Bust rating–No rating available","1 out of 5 stars","-"
"211",9,"New England Patriots",NE,"DST9","11","Coach Upside rating–No rating available","Coach Bust rating–No rating available","3 out of 5 stars","-"
"212",9,"Dontayvion Wicks",PHI,"WR81","10","Coach Upside rating–No rating available","Coach Bust rating–No rating available","4 out of 5 stars","-1"
"213",10,"Cam Little",JAC,"K4","7","Coach Upside rating–No rating available","Coach Bust rating–No rating available","4 out of 5 stars","-"
"214",10,"Tank Dell",HOU,"WR82","8","Coach Upside rating–No rating available","Coach Bust rating–No rating available","3 out of 5 stars","-19"
"215",10,"Jason Myers",SEA,"K5","11","Coach Upside rating–No rating available","Coach Bust rating–No rating available","4 out of 5 stars","-"
"216",10,"Germie Bernard",PIT,"WR83","9","Coach Upside rating–No rating available","Coach Bust rating–No rating available","3 out of 5 stars","-14"
"217",10,"Antonio Williams",WAS,"WR84","7","Coach Upside rating–No rating available","Coach Bust rating–No rating available","2 out of 5 stars","-43"
"218",10,"Los Angeles Chargers",LAC,"DST10","7","Coach Upside rating–No rating available","Coach Bust rating–No rating available","3 out of 5 stars","-"
"219",10,"Geno Smith",NYJ,"QB28","13","Coach Upside rating–No rating available","Coach Bust rating–No rating available","4 out of 5 stars","-46"
"220",10,"Kaytron Allen",WAS,"RB64","7","Coach Upside rating","Coach Bust rating","4 out of 5 stars","-22"
"221",10,"Rashod Bateman",BAL,"WR85","13","Coach Upside rating–No rating available","Coach Bust rating–No rating available","4 out of 5 stars","+14"
"222",10,"Jaylen Wright",MIA,"RB65","6","Coach Upside rating–No rating available","Coach Bust rating–No rating available","3 out of 5 stars","+7"
"223",10,"Aaron Rodgers",PIT,"QB29","9","Coach Upside rating–No rating available","Coach Bust rating–No rating available","2 out of 5 stars","-59"
"224",10,"Eddy Pineiro",SF,"K6","8","Coach Upside rating–No rating available","Coach Bust rating–No rating available","5 out of 5 stars","-"
"225",10,"Tyler Loop",BAL,"K7","13","Coach Upside rating–No rating available","Coach Bust rating–No rating available","3 out of 5 stars","-"
"226",10,"Ollie Gordon II",MIA,"RB66","6","Coach Upside rating–No rating available","Coach Bust rating–No rating available","3 out of 5 stars","+33"
"227",10,"Cooper Kupp",SEA,"WR86","11","Coach Upside rating–No rating available","Coach Bust rating–No rating available","3 out of 5 stars","-14"
"228",10,"Kansas City Chiefs",KC,"DST11","5","Coach Upside rating–No rating available","Coach Bust rating–No rating available","3 out of 5 stars","-"
"229",10,"Zachariah Branch",ATL,"WR87","11","Coach Upside rating–No rating available","Coach Bust rating–No rating available","3 out of 5 stars","-44"
"230",10,"Brandon Aiyuk",SF,"WR88","8","Coach Upside rating","Coach Bust rating","2 out of 5 stars","-36"
"231",10,"Baltimore Ravens",BAL,"DST12","13","Coach Upside rating–No rating available","Coach Bust rating–No rating available","5 out of 5 stars","-"
"232",10,"MarShawn Lloyd",GB,"RB67","11","Coach Upside rating–No rating available","Coach Bust rating–No rating available","4 out of 5 stars","-31"
"233",10,"Colby Parkinson",LAR,"TE30","11","Coach Upside rating–No rating available","Coach Bust rating–No rating available","4 out of 5 stars","-10"
"234",10,"Cairo Santos",CHI,"K8","10","Coach Upside rating–No rating available","Coach Bust rating–No rating available","0 out of 5 stars","-"
"235",10,"Jake Bates",DET,"K9","6","Coach Upside rating–No rating available","Coach Bust rating–No rating available","5 out of 5 stars","-"
"236",10,"Seth McGowan",IND,"RB68","13","Coach Upside rating–No rating available","Coach Bust rating–No rating available","4 out of 5 stars","+79"
"237",10,"Evan McPherson",CIN,"K10","6","Coach Upside rating–No rating available","Coach Bust rating–No rating available","2 out of 5 stars","-"
"238",10,"Elic Ayomanor",TEN,"WR89","9","Coach Upside rating–No rating available","Coach Bust rating–No rating available","3 out of 5 stars","+46"
"239",10,"Green Bay Packers",GB,"DST13","11","Coach Upside rating–No rating available","Coach Bust rating–No rating available","2 out of 5 stars","-"
"240",10,"Andy Borregales",NE,"K11","11","Coach Upside rating–No rating available","Coach Bust rating–No rating available","1 out of 5 stars","-"
"241",10,"Detroit Lions",DET,"DST14","6","Coach Upside rating–No rating available","Coach Bust rating–No rating available","5 out of 5 stars","-"
"242",10,"Fernando Mendoza",LV,"QB30","13","Coach Upside rating–No rating available","Coach Bust rating–No rating available","1 out of 5 stars","-72"
"243",10,"Justice Hill",BAL,"RB69","13","Coach Upside rating–No rating available","Coach Bust rating–No rating available","3 out of 5 stars","-36"
"244",10,"Buffalo Bills",BUF,"DST15","7","Coach Upside rating–No rating available","Coach Bust rating–No rating available","3 out of 5 stars","-"
"245",10,"Jack Bech",LV,"WR90","13","Coach Upside rating–No rating available","Coach Bust rating–No rating available","2 out of 5 stars","+7"
"246",10,"Eli Stowers",PHI,"TE31","10","Coach Upside rating–No rating available","Coach Bust rating–No rating available","4 out of 5 stars","-43"
"247",10,"Keon Coleman",BUF,"WR91","7","Coach Upside rating–No rating available","Coach Bust rating–No rating available","4 out of 5 stars","-20"
"248",10,"Cleveland Browns",CLE,"DST16","11","Coach Upside rating–No rating available","Coach Bust rating–No rating available","5 out of 5 stars","-"
"249",10,"Malik Davis",DAL,"RB70","14","Coach Upside rating–No rating available","Coach Bust rating–No rating available","4 out of 5 stars","+32"
"250",10,"Elijah Sarratt",BAL,"WR92","13","Coach Upside rating–No rating available","Coach Bust rating–No rating available","4 out of 5 stars","-11"
"251",10,"Chase McLaughlin",TB,"K12","10","Coach Upside rating–No rating available","Coach Bust rating–No rating available","3 out of 5 stars","-"
"252",10,"Christian Kirk",SF,"WR93","8","Coach Upside rating–No rating available","Coach Bust rating–No rating available","2 out of 5 stars","-42"
"253",10,"Oscar Delp",NO,"TE32","8","Coach Upside rating–No rating available","Coach Bust rating–No rating available","2 out of 5 stars","+26"
"254",10,"Tory Horton",SEA,"WR94","11","Coach Upside rating–No rating available","Coach Bust rating–No rating available","3 out of 5 stars","-10"
"255",10,"Harrison Mevis",LAR,"K13","11","Coach Upside rating–No rating available","Coach Bust rating–No rating available","2 out of 5 stars","-"
"256",10,"Evan Engram",DEN,"TE33","10","Coach Upside rating–No rating available","Coach Bust rating–No rating available","4 out of 5 stars","-32"
"257",10,"Harrison Butker",KC,"K14","5","Coach Upside rating–No rating available","Coach Bust rating–No rating available","5 out of 5 stars","-"
"258",10,"Ty Johnson",BUF,"RB71","7","Coach Upside rating–No rating available","Coach Bust rating–No rating available","2 out of 5 stars","-21"
"259",10,"Chris Brooks",GB,"RB72","11","Coach Upside rating–No rating available","Coach Bust rating–No rating available","4 out of 5 stars","-6"
"260",10,"Jordan James",SF,"RB73","8","Coach Upside rating–No rating available","Coach Bust rating–No rating available","2 out of 5 stars","-51"
"261",10,"Chris Boswell",PIT,"K15","9","Coach Upside rating–No rating available","Coach Bust rating–No rating available","4 out of 5 stars","-"
"262",10,"Chris Bell",MIA,"WR95","6","Coach Upside rating–No rating available","Coach Bust rating–No rating available","3 out of 5 stars","-40"
"263",10,"Malachi Fields",NYG,"WR96","8","Coach Upside rating–No rating available","Coach Bust rating–No rating available","4 out of 5 stars","-55"
"264",10,"DJ Giddens",IND,"RB74","13","Coach Upside rating–No rating available","Coach Bust rating–No rating available","4 out of 5 stars","-23"
"265",10,"Samaje Perine",CIN,"RB75","6","Coach Upside rating–No rating available","Coach Bust rating–No rating available","2 out of 5 stars","-22"
"266",10,"Jaydon Blue",DAL,"RB76","14","Coach Upside rating–No rating available","Coach Bust rating–No rating available","4 out of 5 stars","-62"
"267",10,"Devin Neal",NO,"RB77","8","Coach Upside rating–No rating available","Coach Bust rating–No rating available","3 out of 5 stars","+16"
"268",10,"Tyreek Hill",FA,"WR97","-","Coach Upside rating–No rating available","Coach Bust rating–No rating available","-","-80"
"269",10,"Tua Tagovailoa",ATL,"QB31","11","Coach Upside rating–No rating available","Coach Bust rating–No rating available","4 out of 5 stars","-72"
"270",10,"Kaleb Johnson",PIT,"RB78","9","Coach Upside rating–No rating available","Coach Bust rating–No rating available","2 out of 5 stars","0"
"271",10,"Tyquan Thornton",KC,"WR98","5","Coach Upside rating–No rating available","Coach Bust rating–No rating available","2 out of 5 stars","-38"
"272",10,"Michael Penix Jr.",ATL,"QB32","11","Coach Upside rating–No rating available","Coach Bust rating–No rating available","4 out of 5 stars","-53"
"273",10,"Demond Claiborne",MIN,"RB79","6","Coach Upside rating–No rating available","Coach Bust rating–No rating available","4 out of 5 stars","-59"
"274",10,"George Holani",SEA,"RB80","11","Coach Upside rating–No rating available","Coach Bust rating–No rating available","4 out of 5 stars","-62"
"275",11,"Chris Brazzell II",CAR,"WR99","5","Coach Upside rating–No rating available","Coach Bust rating–No rating available","2 out of 5 stars","-41"
"276",11,"Mason Taylor",NYJ,"TE34","13","Coach Upside rating–No rating available","Coach Bust rating–No rating available","4 out of 5 stars","-20"
"277",11,"Trey Benson",ARI,"RB81","14","Coach Upside rating–No rating available","Coach Bust rating–No rating available","2 out of 5 stars","+46"
"278",11,"Wil Lutz",DEN,"K16","10","Coach Upside rating–No rating available","Coach Bust rating–No rating available","1 out of 5 stars","-"
"279",11,"Marvin Mims Jr.",DEN,"WR100","10","Coach Upside rating–No rating available","Coach Bust rating–No rating available","2 out of 5 stars","+21"
"280",11,"Theo Johnson",NYG,"TE35","8","Coach Upside rating–No rating available","Coach Bust rating–No rating available","3 out of 5 stars","-31"
"281",11,"Devaughn Vele",NO,"WR101","8","Coach Upside rating–No rating available","Coach Bust rating–No rating available","3 out of 5 stars","-50"
"282",11,"Isaiah Davis",NYJ,"RB82","13","Coach Upside rating–No rating available","Coach Bust rating–No rating available","3 out of 5 stars","+29"
"283",11,"LeQuint Allen Jr.",JAC,"RB83","7","Coach Upside rating–No rating available","Coach Bust rating–No rating available","4 out of 5 stars","-19"
"284",11,"Devin Singletary",NYG,"RB84","8","Coach Upside rating–No rating available","Coach Bust rating–No rating available","4 out of 5 stars","-24"
"285",11,"Greg Dulcich",MIA,"TE36","6","Coach Upside rating–No rating available","Coach Bust rating–No rating available","5 out of 5 stars","-116"
"286",11,"Shedeur Sanders",CLE,"QB33","11","Coach Upside rating–No rating available","Coach Bust rating–No rating available","4 out of 5 stars","-70"
"287",11,"Darius Slayton",NYG,"WR102","8","Coach Upside rating–No rating available","Coach Bust rating–No rating available","4 out of 5 stars","-21"
"288",11,"Kirk Cousins",LV,"QB34","13","Coach Upside rating–No rating available","Coach Bust rating–No rating available","1 out of 5 stars","-60"
"289",11,"Xavier Legette",CAR,"WR103","5","Coach Upside rating–No rating available","Coach Bust rating–No rating available","2 out of 5 stars","-3"
"290",11,"Atlanta Falcons",ATL,"DST17","11","Coach Upside rating–No rating available","Coach Bust rating–No rating available","4 out of 5 stars","-"
"291",11,"Will Reichard",MIN,"K17","6","Coach Upside rating–No rating available","Coach Bust rating–No rating available","2 out of 5 stars","-"
"292",11,"Emari Demercado",KC,"RB85","5","Coach Upside rating–No rating available","Coach Bust rating–No rating available","3 out of 5 stars","-30"
"293",11,"Brashard Smith",KC,"RB86","5","Coach Upside rating–No rating available","Coach Bust rating–No rating available","3 out of 5 stars","+91"
"294",11,"Kendre Miller",NO,"RB87","8","Coach Upside rating–No rating available","Coach Bust rating–No rating available","3 out of 5 stars","-"
"295",11,"Keenan Allen",LAC,"WR104","7","Coach Upside rating–No rating available","Coach Bust rating–No rating available","2 out of 5 stars","-48"
"296",11,"Hollywood Brown",PHI,"WR105","10","Coach Upside rating–No rating available","Coach Bust rating–No rating available","4 out of 5 stars","-41"
"297",11,"Mack Hollins",NE,"WR106","11","Coach Upside rating–No rating available","Coach Bust rating–No rating available","2 out of 5 stars","+4"
"298",11,"Kyle Williams",NE,"WR107","11","Coach Upside rating–No rating available","Coach Bust rating–No rating available","2 out of 5 stars","-3"
"299",11,"Kaelon Black",SF,"RB88","8","Coach Upside rating–No rating available","Coach Bust rating–No rating available","2 out of 5 stars","-63"
"300",11,"Mike Gesicki",CIN,"TE37","6","Coach Upside rating–No rating available","Coach Bust rating–No rating available","3 out of 5 stars","-79"
"301",11,"Jerome Ford",WAS,"RB89","7","Coach Upside rating–No rating available","Coach Bust rating–No rating available","4 out of 5 stars","-"
"302",11,"Deshaun Watson",CLE,"QB35","11","Coach Upside rating–No rating available","Coach Bust rating–No rating available","4 out of 5 stars","-84"
"303",11,"Najee Harris",LAC,"RB90","7","Coach Upside rating–No rating available","Coach Bust rating–No rating available","3 out of 5 stars","-21"
"304",11,"Adam Randall",BAL,"RB91","13","Coach Upside rating–No rating available","Coach Bust rating–No rating available","3 out of 5 stars","-46"
"305",11,"San Francisco 49ers",SF,"DST18","8","Coach Upside rating–No rating available","Coach Bust rating–No rating available","3 out of 5 stars","-"
"306",11,"Indianapolis Colts",IND,"DST19","13","Coach Upside rating–No rating available","Coach Bust rating–No rating available","5 out of 5 stars","-"
"307",11,"Charlie Smyth",NO,"K18","8","Coach Upside rating–No rating available","Coach Bust rating–No rating available","5 out of 5 stars","-"
"308",11,"Trevor Etienne",CAR,"RB92","5","Coach Upside rating–No rating available","Coach Bust rating–No rating available","1 out of 5 stars","+14"
"309",11,"Isaiah Bond",CLE,"WR108","11","Coach Upside rating–No rating available","Coach Bust rating–No rating available","3 out of 5 stars","-15"
"310",11,"Tahj Brooks",CIN,"RB93","6","Coach Upside rating–No rating available","Coach Bust rating–No rating available","2 out of 5 stars","-20"
"311",11,"Isaac Guerendo",SF,"RB94","8","Coach Upside rating–No rating available","Coach Bust rating–No rating available","2 out of 5 stars","+48"
"312",11,"Skyler Bell",BUF,"WR109","7","Coach Upside rating–No rating available","Coach Bust rating–No rating available","4 out of 5 stars","-58"
"313",11,"Jaleel McLaughlin",DEN,"RB95","10","Coach Upside rating–No rating available","Coach Bust rating–No rating available","2 out of 5 stars","-"
"314",11,"Jake Tonges",SF,"TE38","8","Coach Upside rating–No rating available","Coach Bust rating–No rating available","3 out of 5 stars","-89"
"315",11,"Ja'Kobi Lane",BAL,"WR110","13","Coach Upside rating–No rating available","Coach Bust rating–No rating available","4 out of 5 stars","-70"
"316",11,"Joe Mixon",FA,"RB96","-","Coach Upside rating–No rating available","Coach Bust rating–No rating available","-","-59"
"317",11,"Jarquez Hunter",LAR,"RB97","11","Coach Upside rating–No rating available","Coach Bust rating–No rating available","5 out of 5 stars","+46"
"318",11,"Andrei Iosivas",CIN,"WR111","6","Coach Upside rating–No rating available","Coach Bust rating–No rating available","4 out of 5 stars","-55"
"319",12,"Kareem Hunt",FA,"RB98","-","Coach Upside rating–No rating available","Coach Bust rating–No rating available","-","-54"
"320",12,"New Orleans Saints",NO,"DST20","8","Coach Upside rating–No rating available","Coach Bust rating–No rating available","5 out of 5 stars","-"
"321",12,"Darnell Washington",PIT,"TE39","9","Coach Upside rating–No rating available","Coach Bust rating–No rating available","2 out of 5 stars","-79"
"322",12,"Audric Estime",NO,"RB99","8","Coach Upside rating–No rating available","Coach Bust rating–No rating available","3 out of 5 stars","-"
"323",12,"Cedric Tillman",CLE,"WR112","11","Coach Upside rating–No rating available","Coach Bust rating–No rating available","3 out of 5 stars","-"
"324",12,"Chicago Bears",CHI,"DST21","10","Coach Upside rating–No rating available","Coach Bust rating–No rating available","2 out of 5 stars","-"
"325",12,"J.J. McCarthy",MIN,"QB36","6","Coach Upside rating–No rating available","Coach Bust rating–No rating available","5 out of 5 stars","-45"
"326",12,"Will Shipley",PHI,"RB100","10","Coach Upside rating–No rating available","Coach Bust rating–No rating available","4 out of 5 stars","-6"
"327",12,"Jalen Royals",KC,"WR113","5","Coach Upside rating–No rating available","Coach Bust rating–No rating available","2 out of 5 stars","+3"
"328",12,"Jahan Dotson",ATL,"WR114","11","Coach Upside rating–No rating available","Coach Bust rating–No rating available","3 out of 5 stars","-67"
"329",12,"Calvin Austin III",NYG,"WR115","8","Coach Upside rating–No rating available","Coach Bust rating–No rating available","4 out of 5 stars","-17"
"330",12,"Konata Mumpfield",LAR,"WR116","11","Coach Upside rating–No rating available","Coach Bust rating–No rating available","1 out of 5 stars","+14"
"331",12,"Luke McCaffrey",WAS,"WR117","7","Coach Upside rating–No rating available","Coach Bust rating–No rating available","2 out of 5 stars","+6"
"332",12,"Tez Johnson",TB,"WR118","10","Coach Upside rating–No rating available","Coach Bust rating–No rating available","4 out of 5 stars","-44"
"333",12,"Max Klare",LAR,"TE40","11","Coach Upside rating–No rating available","Coach Bust rating–No rating available","4 out of 5 stars","-4"
"334",12,"Caleb Douglas",MIA,"WR119","6","Coach Upside rating–No rating available","Coach Bust rating–No rating available","3 out of 5 stars","-84"
"335",12,"Olamide Zaccheaus",ATL,"WR120","11","Coach Upside rating–No rating available","Coach Bust rating–No rating available","3 out of 5 stars","+32"
"336",12,"Jalen Tolbert",MIA,"WR121","6","Coach Upside rating–No rating available","Coach Bust rating–No rating available","3 out of 5 stars","-85"
"337",12,"Noah Gray",KC,"TE41","5","Coach Upside rating–No rating available","Coach Bust rating–No rating available","4 out of 5 stars","+6"
"338",12,"Mac Jones",SF,"QB37","8","Coach Upside rating–No rating available","Coach Bust rating–No rating available","1 out of 5 stars","-36"
"339",12,"Elijah Arroyo",SEA,"TE42","11","Coach Upside rating–No rating available","Coach Bust rating–No rating available","3 out of 5 stars","-68"
"340",12,"Cole Kmet",CHI,"TE43","10","Coach Upside rating–No rating available","Coach Bust rating–No rating available","2 out of 5 stars","-53"
"341",12,"Bam Knight",ARI,"RB101","14","Coach Upside rating–No rating available","Coach Bust rating–No rating available","2 out of 5 stars","-"
"342",12,"Eli Heidenreich",PIT,"RB102","9","Coach Upside rating–No rating available","Coach Bust rating–No rating available","2 out of 5 stars","-15"
"343",12,"Tyler Higbee",LAR,"TE44","11","Coach Upside rating–No rating available","Coach Bust rating–No rating available","4 out of 5 stars","+32"
"344",12,"Xavier Hutchinson",HOU,"WR122","8","Coach Upside rating–No rating available","Coach Bust rating–No rating available","3 out of 5 stars","+1"
"345",12,"Dawson Knox",BUF,"TE45","7","Coach Upside rating–No rating available","Coach Bust rating–No rating available","3 out of 5 stars","-73"
"346",12,"Dont'e Thornton Jr.",LV,"WR123","13","Coach Upside rating–No rating available","Coach Bust rating–No rating available","2 out of 5 stars","+9"
"347",12,"Joshua Palmer",BUF,"WR124","7","Coach Upside rating–No rating available","Coach Bust rating–No rating available","4 out of 5 stars","-44"
"348",12,"Michael Mayer",LV,"TE46","13","Coach Upside rating–No rating available","Coach Bust rating–No rating available","3 out of 5 stars","-102"
"349",12,"Brenen Thompson",LAC,"WR125","7","Coach Upside rating–No rating available","Coach Bust rating–No rating available","2 out of 5 stars","-57"
"350",12,"Ja'Tavion Sanders",CAR,"TE47","5","Coach Upside rating–No rating available","Coach Bust rating–No rating available","2 out of 5 stars","-76"
"351",12,"Carson Beck",ARI,"QB38","14","Coach Upside rating–No rating available","Coach Bust rating–No rating available","2 out of 5 stars","-82"
"352",12,"J'Mari Taylor",JAC,"RB103","7","Coach Upside rating–No rating available","Coach Bust rating–No rating available","4 out of 5 stars","-5"
"353",12,"Jawhar Jordan",HOU,"RB104","8","Coach Upside rating–No rating available","Coach Bust rating–No rating available","4 out of 5 stars","+26"
"354",12,"Ty Simpson",LAR,"QB39","11","Coach Upside rating–No rating available","Coach Bust rating–No rating available","3 out of 5 stars","+7"
"355",12,"Bryce Lance",NO,"WR126","8","Coach Upside rating–No rating available","Coach Bust rating–No rating available","3 out of 5 stars","-62"
"356",12,"John Metchie III",CAR,"WR127","5","Coach Upside rating–No rating available","Coach Bust rating–No rating available","2 out of 5 stars","-"
"357",12,"Nick Chubb",FA,"RB105","-","Coach Upside rating–No rating available","Coach Bust rating–No rating available","-","-"
"358",12,"DeMario Douglas",NE,"WR128","11","Coach Upside rating–No rating available","Coach Bust rating–No rating available","2 out of 5 stars","-17"
"359",12,"Carolina Panthers",CAR,"DST22","5","Coach Upside rating–No rating available","Coach Bust rating–No rating available","3 out of 5 stars","-"
"360",12,"Justin Fields",KC,"QB40","5","Coach Upside rating–No rating available","Coach Bust rating–No rating available","2 out of 5 stars","-85"
"361",12,"Michael Carter",TEN,"RB106","9","Coach Upside rating–No rating available","Coach Bust rating–No rating available","3 out of 5 stars","+27"
"362",12,"Treylon Burks",WAS,"WR129","7","Coach Upside rating–No rating available","Coach Bust rating–No rating available","2 out of 5 stars","-77"
"363",12,"Nick Westbrook-Ikhine",IND,"WR130","13","Coach Upside rating–No rating available","Coach Bust rating–No rating available","4 out of 5 stars","-5"
"364",12,"Kendrick Bourne",ARI,"WR131","14","Coach Upside rating–No rating available","Coach Bust rating–No rating available","2 out of 5 stars","-73"
"365",12,"Noah Fant",NO,"TE48","8","Coach Upside rating–No rating available","Coach Bust rating–No rating available","2 out of 5 stars","-"
"366",12,"Kalif Raymond",CHI,"WR132","10","Coach Upside rating–No rating available","Coach Bust rating–No rating available","3 out of 5 stars","-62"
"367",12,"Raheim Sanders",CLE,"RB107","11","Coach Upside rating–No rating available","Coach Bust rating–No rating available","3 out of 5 stars","-"
"368",12,"Justin Joly",DEN,"TE49","10","Coach Upside rating–No rating available","Coach Bust rating–No rating available","4 out of 5 stars","-71"
"369",12,"Jaylin Lane",WAS,"WR133","7","Coach Upside rating–No rating available","Coach Bust rating–No rating available","2 out of 5 stars","-59"
"370",12,"Savion Williams",GB,"WR134","11","Coach Upside rating–No rating available","Coach Bust rating–No rating available","5 out of 5 stars","-92"
"371",12,"Zavion Thomas",CHI,"WR135","10","Coach Upside rating–No rating available","Coach Bust rating–No rating available","3 out of 5 stars","-104"
"372",12,"Anthony Richardson Sr.",IND,"QB41","13","Coach Upside rating–No rating available","Coach Bust rating–No rating available","4 out of 5 stars","-53"
"373",12,"Austin Ekeler",FA,"RB108","-","Coach Upside rating–No rating available","Coach Bust rating–No rating available","-","-133"
"374",12,"KaVontae Turpin",DAL,"WR136","14","Coach Upside rating–No rating available","Coach Bust rating–No rating available","2 out of 5 stars","-78"
"375",12,"Eli Raridon",NE,"TE50","11","Coach Upside rating–No rating available","Coach Bust rating–No rating available","4 out of 5 stars","-86"
"376",12,"Tyler Bass",BUF,"K19","7","Coach Upside rating–No rating available","Coach Bust rating–No rating available","2 out of 5 stars","-"
"377",12,"Luke Musgrave",GB,"TE51","11","Coach Upside rating–No rating available","Coach Bust rating–No rating available","2 out of 5 stars","-7"
"378",12,"Ben Sinnott",WAS,"TE52","7","Coach Upside rating–No rating available","Coach Bust rating–No rating available","1 out of 5 stars","-45"
"379",12,"Dallas Cowboys",DAL,"DST23","14","Coach Upside rating–No rating available","Coach Bust rating–No rating available","1 out of 5 stars","-"
"380",12,"Kevin Coleman Jr.",MIA,"WR137","6","Coach Upside rating–No rating available","Coach Bust rating–No rating available","3 out of 5 stars","-30"
"381",13,"Tommy Tremble",CAR,"TE53","5","Coach Upside rating–No rating available","Coach Bust rating–No rating available","2 out of 5 stars","-28"
"382",13,"Phil Mafah",DAL,"RB109","14","Coach Upside rating–No rating available","Coach Bust rating–No rating available","4 out of 5 stars","-74"
"383",13,"Tutu Atwell",MIA,"WR138","6","Coach Upside rating–No rating available","Coach Bust rating–No rating available","3 out of 5 stars","-106"
"384",13,"Zane Gonzalez",MIA,"K20","6","Coach Upside rating–No rating available","Coach Bust rating–No rating available","2 out of 5 stars","-"
"385",13,"Jake Elliott",PHI,"K21","10","Coach Upside rating–No rating available","Coach Bust rating–No rating available","5 out of 5 stars","-"
"386",13,"Deion Burks",IND,"WR139","13","Coach Upside rating–No rating available","Coach Bust rating–No rating available","4 out of 5 stars","-29"
"387",13,"Jordan Whittington",LAR,"WR140","11","Coach Upside rating–No rating available","Coach Bust rating–No rating available","1 out of 5 stars","-27"
"388",13,"Daniel Bellinger",TEN,"TE54","9","Coach Upside rating–No rating available","Coach Bust rating–No rating available","3 out of 5 stars","-42"
"389",13,"Dameon Pierce",PHI,"RB110","10","Coach Upside rating–No rating available","Coach Bust rating–No rating available","4 out of 5 stars","-"
"390",13,"Elijah Higgins",ARI,"TE55","14","Coach Upside rating–No rating available","Coach Bust rating–No rating available","2 out of 5 stars","-"
"391",13,"Greg Dortch",DET,"WR141","6","Coach Upside rating–No rating available","Coach Bust rating–No rating available","4 out of 5 stars","-35"
"392",13,"Mitchell Evans",CAR,"TE56","5","Coach Upside rating–No rating available","Coach Bust rating–No rating available","2 out of 5 stars","-60"
"393",13,"Zach Ertz",FA,"TE57","-","Coach Upside rating–No rating available","Coach Bust rating–No rating available","-","-"
"394",13,"Darren Waller",FA,"TE58","-","Coach Upside rating–No rating available","Coach Bust rating–No rating available","-","-54"
"395",13,"Roschon Johnson",CHI,"RB111","10","Coach Upside rating–No rating available","Coach Bust rating–No rating available","2 out of 5 stars","-"
"396",13,"Cyrus Allen",KC,"WR142","5","Coach Upside rating–No rating available","Coach Bust rating–No rating available","2 out of 5 stars","-82"
"397",13,"Tyler Lockett",LV,"WR143","13","Coach Upside rating–No rating available","Coach Bust rating–No rating available","2 out of 5 stars","-"
"398",13,"Kyle Juszczyk",SF,"RB112","8","Coach Upside rating–No rating available","Coach Bust rating–No rating available","2 out of 5 stars","-"
"399",13,"John Bates",WAS,"TE59","7","Coach Upside rating–No rating available","Coach Bust rating–No rating available","1 out of 5 stars","-"
"400",13,"Dyami Brown",WAS,"WR144","7","Coach Upside rating–No rating available","Coach Bust rating–No rating available","2 out of 5 stars","-62"
"401",13,"Cincinnati Bengals",CIN,"DST24","6","Coach Upside rating–No rating available","Coach Bust rating–No rating available","4 out of 5 stars","-"
"402",13,"Terrell Jennings",NE,"RB113","11","Coach Upside rating–No rating available","Coach Bust rating–No rating available","2 out of 5 stars","-"
"403",13,"Tommy Myers",FA,"TE60","-","Coach Upside rating–No rating available","Coach Bust rating–No rating available","-","-"
"404",13,"New York Giants",NYG,"DST25","8","Coach Upside rating–No rating available","Coach Bust rating–No rating available","1 out of 5 stars","-"
"405",13,"Rasheen Ali",BAL,"RB114","13","Coach Upside rating–No rating available","Coach Bust rating–No rating available","3 out of 5 stars","-"
"406",13,"Jonnu Smith",FA,"TE61","-","Coach Upside rating–No rating available","Coach Bust rating–No rating available","-","-"
"407",13,"Antonio Gibson",FA,"RB115","-","Coach Upside rating–No rating available","Coach Bust rating–No rating available","-","-"
"408",13,"CJ Daniels",LAR,"WR145","11","Coach Upside rating–No rating available","Coach Bust rating–No rating available","1 out of 5 stars","-95"
"409",13,"Josh Oliver",MIN,"TE62","6","Coach Upside rating–No rating available","Coach Bust rating–No rating available","4 out of 5 stars","-102"
"410",13,"Erick All Jr.",CIN,"TE63","6","Coach Upside rating–No rating available","Coach Bust rating–No rating available","3 out of 5 stars","-134"
"411",13,"Damien Martinez",GB,"RB116","11","Coach Upside rating–No rating available","Coach Bust rating–No rating available","4 out of 5 stars","-"
"412",13,"Jam Miller",NE,"RB117","11","Coach Upside rating–No rating available","Coach Bust rating–No rating available","2 out of 5 stars","-"
"413",13,"Devontez Walker",BAL,"WR146","13","Coach Upside rating–No rating available","Coach Bust rating–No rating available","4 out of 5 stars","-140"
"414",13,"Marcus Mariota",WAS,"QB42","7","Coach Upside rating–No rating available","Coach Bust rating–No rating available","2 out of 5 stars","-"
"415",13,"Joe Flacco",CIN,"QB43","6","Coach Upside rating–No rating available","Coach Bust rating–No rating available","3 out of 5 stars","-94"
"416",13,"Odell Beckham Jr.",NYG,"WR147","8","Coach Upside rating–No rating available","Coach Bust rating–No rating available","4 out of 5 stars","-118"
"417",13,"Austin Hooper",ATL,"TE64","11","Coach Upside rating–No rating available","Coach Bust rating–No rating available","3 out of 5 stars","-"
"418",13,"Marlin Klein",HOU,"TE65","8","Coach Upside rating–No rating available","Coach Bust rating–No rating available","4 out of 5 stars","-"
"419",13,"Tampa Bay Buccaneers",TB,"DST26","10","Coach Upside rating–No rating available","Coach Bust rating–No rating available","4 out of 5 stars","-"
"420",13,"Adam Trautman",DEN,"TE66","10","Coach Upside rating–No rating available","Coach Bust rating–No rating available","4 out of 5 stars","-"
"421",13,"Brock Wright",DET,"TE67","6","Coach Upside rating–No rating available","Coach Bust rating–No rating available","3 out of 5 stars","-"
"422",13,"Jahdae Walker",CHI,"WR148","10","Coach Upside rating–No rating available","Coach Bust rating–No rating available","3 out of 5 stars","-40"
"423",13,"Luke Schoonmaker",DAL,"TE68","14","Coach Upside rating–No rating available","Coach Bust rating–No rating available","2 out of 5 stars","-"
"424",13,"Miles Sanders",FA,"RB118","-","Coach Upside rating–No rating available","Coach Bust rating–No rating available","-","-"
"425",13,"Jeremy McNichols",WAS,"RB119","7","Coach Upside rating–No rating available","Coach Bust rating–No rating available","4 out of 5 stars","-"
"426",13,"Trey Smack",GB,"K22","11","Coach Upside rating–No rating available","Coach Bust rating–No rating available","4 out of 5 stars","-"
"427",13,"Sterling Shepard",FA,"WR149","-","Coach Upside rating–No rating available","Coach Bust rating–No rating available","-","-"
"428",13,"Mitch Tinsley",CIN,"WR150","6","Coach Upside rating–No rating available","Coach Bust rating–No rating available","4 out of 5 stars","-"
"429",13,"Nate Boerkircher",JAC,"TE69","7","Coach Upside rating–No rating available","Coach Bust rating–No rating available","3 out of 5 stars","-48"
"430",13,"DeAndre Hopkins",BAL,"WR151","13","Coach Upside rating–No rating available","Coach Bust rating–No rating available","4 out of 5 stars","-"
"431",13,"Jameis Winston",NYG,"QB44","8","Coach Upside rating–No rating available","Coach Bust rating–No rating available","4 out of 5 stars","-126"
"432",13,"Tennessee Titans",TEN,"DST27","9","Coach Upside rating–No rating available","Coach Bust rating–No rating available","2 out of 5 stars","-"
"433",13,"Demarcus Robinson",SF,"WR152","8","Coach Upside rating–No rating available","Coach Bust rating–No rating available","2 out of 5 stars","-82"
"434",13,"Colbie Young",CIN,"WR153","6","Coach Upside rating–No rating available","Coach Bust rating–No rating available","4 out of 5 stars","-118"
"435",13,"Raheem Mostert",LV,"RB120","13","Coach Upside rating–No rating available","Coach Bust rating–No rating available","2 out of 5 stars","-"
"436",13,"Sione Vaki",DET,"RB121","6","Coach Upside rating–No rating available","Coach Bust rating–No rating available","5 out of 5 stars","-46"
"437",13,"Spencer Shrader",IND,"K23","13","Coach Upside rating–No rating available","Coach Bust rating–No rating available","4 out of 5 stars","-"
"438",13,"Khalil Herbert",FA,"RB122","-","Coach Upside rating–No rating available","Coach Bust rating–No rating available","-","-"
"439",13,"Miami Dolphins",MIA,"DST28","6","Coach Upside rating–No rating available","Coach Bust rating–No rating available","3 out of 5 stars","-"
"440",13,"Tanner Hudson",CIN,"TE70","6","Coach Upside rating–No rating available","Coach Bust rating–No rating available","3 out of 5 stars","-"
"441",13,"Jackson Hawes",BUF,"TE71","7","Coach Upside rating–No rating available","Coach Bust rating–No rating available","3 out of 5 stars","-65"
"442",13,"Ty Chandler",NO,"RB123","8","Coach Upside rating–No rating available","Coach Bust rating–No rating available","3 out of 5 stars","-"
"443",13,"Dylan Laube",LV,"RB124","13","Coach Upside rating–No rating available","Coach Bust rating–No rating available","2 out of 5 stars","-"
"444",13,"Ashton Dulin",IND,"WR154","13","Coach Upside rating–No rating available","Coach Bust rating–No rating available","4 out of 5 stars","-118"
"445",13,"Kevin Austin Jr.",NO,"WR155","8","Coach Upside rating–No rating available","Coach Bust rating–No rating available","3 out of 5 stars","-"
"446",13,"Elijah Moore",PHI,"WR156","10","Coach Upside rating–No rating available","Coach Bust rating–No rating available","4 out of 5 stars","-"
"447",13,"Alexander Mattison",FA,"RB125","-","Coach Upside rating–No rating available","Coach Bust rating–No rating available","-","-55"
"448",13,"Roman Wilson",PIT,"WR157","9","Coach Upside rating–No rating available","Coach Bust rating–No rating available","3 out of 5 stars","-124"
"449",13,"Sam Roush",CHI,"TE72","10","Coach Upside rating–No rating available","Coach Bust rating–No rating available","2 out of 5 stars","-100"
"450",13,"Diontae Johnson",FA,"WR158","-","Coach Upside rating–No rating available","Coach Bust rating–No rating available","-","-"
"451",13,"Joe Milton III",DAL,"QB45","14","Coach Upside rating–No rating available","Coach Bust rating–No rating available","2 out of 5 stars","-126"
"452",13,"Brandin Cooks",FA,"WR159","-","Coach Upside rating–No rating available","Coach Bust rating–No rating available","-","-"
"453",13,"Jaret Patterson",LAC,"RB126","7","Coach Upside rating–No rating available","Coach Bust rating–No rating available","3 out of 5 stars","-"
"454",13,"Brittain Brown",CHI,"RB127","10","Coach Upside rating–No rating available","Coach Bust rating–No rating available","2 out of 5 stars","-"
"455",13,"Jordan Waters",LAR,"RB128","11","Coach Upside rating–No rating available","Coach Bust rating–No rating available","5 out of 5 stars","-"
"456",13,"Matt Hibner",BAL,"TE73","13","Coach Upside rating–No rating available","Coach Bust rating–No rating available","4 out of 5 stars","-104"
"457",13,"Cam Akers",FA,"RB129","-","Coach Upside rating–No rating available","Coach Bust rating–No rating available","-","-"
"458",13,"Graig Cooper",FA,"RB130","-","Coach Upside rating–No rating available","Coach Bust rating–No rating available","-","-"
"459",14,"Robert Henry Jr.",WAS,"RB131","7","Coach Upside rating–No rating available","Coach Bust rating–No rating available","4 out of 5 stars","-64"
"460",14,"Jaydn Ott",KC,"RB132","5","Coach Upside rating–No rating available","Coach Bust rating–No rating available","3 out of 5 stars","-"
"461",14,"Elijah Mitchell",PHI,"RB133","10","Coach Upside rating–No rating available","Coach Bust rating–No rating available","4 out of 5 stars","-"
"462",14,"Frank Gore Jr.",BUF,"RB134","7","Coach Upside rating–No rating available","Coach Bust rating–No rating available","2 out of 5 stars","-"
"463",14,"Van Jefferson",WAS,"WR160","7","Coach Upside rating–No rating available","Coach Bust rating–No rating available","2 out of 5 stars","-90"
"464",14,"Myles Montgomery",NE,"RB135","11","Coach Upside rating–No rating available","Coach Bust rating–No rating available","2 out of 5 stars","-"
"465",14,"Xavier Smith",LAR,"WR161","11","Coach Upside rating–No rating available","Coach Bust rating–No rating available","1 out of 5 stars","-"
"466",14,"Zavier Scott",MIN,"RB136","6","Coach Upside rating–No rating available","Coach Bust rating–No rating available","4 out of 5 stars","-"
"467",14,"Zay Jones",FA,"WR162","-","Coach Upside rating–No rating available","Coach Bust rating–No rating available","-","-"
"468",14,"Ameer Abdullah",JAC,"RB137","7","Coach Upside rating–No rating available","Coach Bust rating–No rating available","4 out of 5 stars","-"
"469",14,"Hunter Luepke",DAL,"RB138","14","Coach Upside rating–No rating available","Coach Bust rating–No rating available","4 out of 5 stars","-"
"470",14,"Tyler Goodson",ATL,"RB139","11","Coach Upside rating–No rating available","Coach Bust rating–No rating available","2 out of 5 stars","-"
"471",14,"Josh Reynolds",FA,"WR163","-","Coach Upside rating–No rating available","Coach Bust rating–No rating available","-","-"
"472",14,"Jacardia Wright",SEA,"RB140","11","Coach Upside rating–No rating available","Coach Bust rating–No rating available","4 out of 5 stars","-"
"473",14,"AJ Dillon",CAR,"RB141","5","Coach Upside rating–No rating available","Coach Bust rating–No rating available","1 out of 5 stars","-"
"474",14,"Drew Sample",CIN,"TE74","6","Coach Upside rating–No rating available","Coach Bust rating–No rating available","3 out of 5 stars","-120"
"475",14,"Malik Benson",LV,"WR164","13","Coach Upside rating–No rating available","Coach Bust rating–No rating available","2 out of 5 stars","-169"
"476",14,"Clyde Edwards-Helaire",FA,"RB142","-","Coach Upside rating–No rating available","Coach Bust rating–No rating available","-","-"
"477",14,"Ronnie Rivers",LAR,"RB143","11","Coach Upside rating–No rating available","Coach Bust rating–No rating available","5 out of 5 stars","-"
"478",14,"Charlie Kolar",LAC,"TE75","7","Coach Upside rating–No rating available","Coach Bust rating–No rating available","4 out of 5 stars","-210"
"479",14,"Blake Grupe",IND,"K24","13","Coach Upside rating–No rating available","Coach Bust rating–No rating available","4 out of 5 stars","-"
"480",14,"Jake Moody",WAS,"K25","7","Coach Upside rating–No rating available","Coach Bust rating–No rating available","5 out of 5 stars","-"
"481",14,"Donovan Edwards",MIA,"RB144","6","Coach Upside rating–No rating available","Coach Bust rating–No rating available","3 out of 5 stars","-"
"482",14,"Michael Burton",CLE,"RB145","11","Coach Upside rating–No rating available","Coach Bust rating–No rating available","3 out of 5 stars","-"
"483",14,"Kalel Mullings",TEN,"RB146","9","Coach Upside rating–No rating available","Coach Bust rating–No rating available","3 out of 5 stars","-"
"484",14,"Washington Commanders",WAS,"DST29","7","Coach Upside rating–No rating available","Coach Bust rating–No rating available","2 out of 5 stars","-"
"485",14,"Taysom Hill",FA,"TE76","-","Coach Upside rating–No rating available","Coach Bust rating–No rating available","-","-91"
"486",14,"Hunter Renfrow",FA,"WR165","-","Coach Upside rating–No rating available","Coach Bust rating–No rating available","-","-"
"487",14,"Mo Alie-Cox",IND,"TE77","13","Coach Upside rating–No rating available","Coach Bust rating–No rating available","3 out of 5 stars","-"
"488",14,"Albert Okwuegbunam Jr.",LV,"TE78","13","Coach Upside rating–No rating available","Coach Bust rating–No rating available","3 out of 5 stars","-"
"489",14,"Bo Melton",GB,"WR166","11","Coach Upside rating–No rating available","Coach Bust rating–No rating available","5 out of 5 stars","-"
"490",14,"Myles Gaskin",FA,"RB147","-","Coach Upside rating–No rating available","Coach Bust rating–No rating available","-","-"
"491",14,"Tai Felton",MIN,"WR167","6","Coach Upside rating–No rating available","Coach Bust rating–No rating available","5 out of 5 stars","-192"
"492",14,"Zamir White",LV,"RB148","13","Coach Upside rating–No rating available","Coach Bust rating–No rating available","2 out of 5 stars","-"
"493",14,"Tim Patrick",NYJ,"WR168","13","Coach Upside rating–No rating available","Coach Bust rating–No rating available","4 out of 5 stars","-"
"494",14,"Joey Slye",TEN,"K26","9","Coach Upside rating–No rating available","Coach Bust rating–No rating available","4 out of 5 stars","-"
"495",14,"Jermaine Burton",FA,"WR169","-","Coach Upside rating–No rating available","Coach Bust rating–No rating available","-","-"
"496",14,"Nate Adkins",DEN,"TE79","10","Coach Upside rating–No rating available","Coach Bust rating–No rating available","4 out of 5 stars","-"
"497",14,"Mecole Hardman Jr.",BUF,"WR170","7","Coach Upside rating–No rating available","Coach Bust rating–No rating available","4 out of 5 stars","-"
"498",14,"Durham Smythe",BAL,"TE80","13","Coach Upside rating–No rating available","Coach Bust rating–No rating available","4 out of 5 stars","-"
"499",14,"Will Dissly",FA,"TE81","-","Coach Upside rating–No rating available","Coach Bust rating–No rating available","-","-"
"500",14,"Ronnie Bell",NO,"WR171","8","Coach Upside rating–No rating available","Coach Bust rating–No rating available","3 out of 5 stars","-"
"501",14,"Cade Klubnik",NYJ,"QB46","13","Coach Upside rating–No rating available","Coach Bust rating–No rating available","4 out of 5 stars","-183"
"502",14,"Russell Gage Jr.",FA,"WR172","-","Coach Upside rating–No rating available","Coach Bust rating–No rating available","-","-"
"503",14,"Will Mallory",IND,"TE82","13","Coach Upside rating–No rating available","Coach Bust rating–No rating available","3 out of 5 stars","-"
"504",14,"Trey Sermon",FA,"RB149","-","Coach Upside rating–No rating available","Coach Bust rating–No rating available","-","-"
"505",14,"Ja'Lynn Polk",NO,"WR173","8","Coach Upside rating–No rating available","Coach Bust rating–No rating available","3 out of 5 stars","-"
"506",14,"Salvon Ahmed",CHI,"RB150","10","Coach Upside rating–No rating available","Coach Bust rating–No rating available","2 out of 5 stars","-"
"507",14,"Lew Nichols III",PIT,"RB151","9","Coach Upside rating–No rating available","Coach Bust rating–No rating available","2 out of 5 stars","-"
"508",14,"Deon Jackson",FA,"RB152","-","Coach Upside rating–No rating available","Coach Bust rating–No rating available","-","-"
"509",14,"Moliki Matavao",NO,"TE83","8","Coach Upside rating–No rating available","Coach Bust rating–No rating available","2 out of 5 stars","-"
"510",14,"Tyler Conklin",DET,"TE84","6","Coach Upside rating–No rating available","Coach Bust rating–No rating available","3 out of 5 stars","-"
"511",14,"Jordan Akins",FA,"TE85","-","Coach Upside rating–No rating available","Coach Bust rating–No rating available","-","-"
"512",14,"Julian Hill",NE,"TE86","11","Coach Upside rating–No rating available","Coach Bust rating–No rating available","4 out of 5 stars","-"
"513",14,"Quinn Ewers",MIA,"QB47","6","Coach Upside rating–No rating available","Coach Bust rating–No rating available","3 out of 5 stars","-177"
"514",14,"Xavier Restrepo",TEN,"WR174","9","Coach Upside rating–No rating available","Coach Bust rating–No rating available","3 out of 5 stars","-"
"515",14,"Jakobie Keeney-James",FA,"WR175","-","Coach Upside rating–No rating available","Coach Bust rating–No rating available","-","-"
"516",14,"Will Kacmarek",MIA,"TE87","6","Coach Upside rating–No rating available","Coach Bust rating–No rating available","5 out of 5 stars","-174"
"517",14,"Dante Miller",NYG,"RB153","8","Coach Upside rating–No rating available","Coach Bust rating–No rating available","4 out of 5 stars","-"
"518",14,"Kenny McIntosh",SEA,"RB154","11","Coach Upside rating–No rating available","Coach Bust rating–No rating available","4 out of 5 stars","-"
"519",14,"Elijah Dotson",FA,"RB155","-","Coach Upside rating–No rating available","Coach Bust rating–No rating available","-","-"
"520",14,"Montorie Foster Jr.",SEA,"WR176","11","Coach Upside rating–No rating available","Coach Bust rating–No rating available","3 out of 5 stars","-"
"521",14,"Jermar Jefferson",FA,"RB156","-","Coach Upside rating–No rating available","Coach Bust rating–No rating available","-","-"
"522",14,"Riley Nowakowski",PIT,"TE88","9","Coach Upside rating–No rating available","Coach Bust rating–No rating available","2 out of 5 stars","-"
"523",14,"Devonte Boyd",FA,"WR177","-","Coach Upside rating–No rating available","Coach Bust rating–No rating available","-","-"
"524",14,"Avery Williams",FA,"RB157","-","Coach Upside rating–No rating available","Coach Bust rating–No rating available","-","-"
"525",14,"Michael Woods II",FA,"WR178","-","Coach Upside rating–No rating available","Coach Bust rating–No rating available","-","-"
"526",14,"Sincere McCormick",SF,"RB158","8","Coach Upside rating–No rating available","Coach Bust rating–No rating available","2 out of 5 stars","-"
"527",14,"Xavier Weaver",ARI,"WR179","14","Coach Upside rating–No rating available","Coach Bust rating–No rating available","2 out of 5 stars","-163"
"528",14,"Michael Briscoe",MIN,"WR180","6","Coach Upside rating–No rating available","Coach Bust rating–No rating available","5 out of 5 stars","-"
"529",14,"Jabari Small",DET,"RB159","6","Coach Upside rating–No rating available","Coach Bust rating–No rating available","5 out of 5 stars","-"
"530",14,"Nathan Carter",ATL,"RB160","11","Coach Upside rating–No rating available","Coach Bust rating–No rating available","2 out of 5 stars","-"
"531",14,"Kaden Wetjen",PIT,"WR181","9","Coach Upside rating–No rating available","Coach Bust rating–No rating available","3 out of 5 stars","-"
"532",14,"Quez Watkins",PHI,"WR182","10","Coach Upside rating–No rating available","Coach Bust rating–No rating available","4 out of 5 stars","-"
"533",14,"Seydou Traore",MIA,"TE89","6","Coach Upside rating–No rating available","Coach Bust rating–No rating available","5 out of 5 stars","-"
"534",14,"Isaiah Hodgins",NYG,"WR183","8","Coach Upside rating–No rating available","Coach Bust rating–No rating available","4 out of 5 stars","-"
"535",14,"Anthony McFarland Jr.",FA,"RB161","-","Coach Upside rating–No rating available","Coach Bust rating–No rating available","-","-"
"536",14,"Miles Davis",CAR,"RB162","5","Coach Upside rating–No rating available","Coach Bust rating–No rating available","1 out of 5 stars","-"
"537",14,"Max Bredeson",MIN,"RB163","6","Coach Upside rating–No rating available","Coach Bust rating–No rating available","4 out of 5 stars","-"
"538",14,"Chip Trayanum",NYJ,"RB164","13","Coach Upside rating–No rating available","Coach Bust rating–No rating available","3 out of 5 stars","-"
"539",14,"Jacob Saylors",DET,"RB165","6","Coach Upside rating–No rating available","Coach Bust rating–No rating available","5 out of 5 stars","-"
"540",14,"Ray-Ray McCloud III",FA,"WR184","-","Coach Upside rating–No rating available","Coach Bust rating–No rating available","-","-"
"541",14,"Desmond Reid",FA,"RB166","-","Coach Upside rating–No rating available","Coach Bust rating–No rating available","-","-"
"542",14,"Jonathan Williams",FA,"RB167","-","Coach Upside rating–No rating available","Coach Bust rating–No rating available","-","-"
"543",14,"Evan Hull",HOU,"RB168","8","Coach Upside rating–No rating available","Coach Bust rating–No rating available","4 out of 5 stars","-"
"544",14,"Myles Price",MIN,"WR185","6","Coach Upside rating–No rating available","Coach Bust rating–No rating available","5 out of 5 stars","-"
"545",14,"Montrell Johnson Jr.",FA,"RB169","-","Coach Upside rating–No rating available","Coach Bust rating–No rating available","-","-"
"546",14,"Nick Bawden",FA,"RB170","-","Coach Upside rating–No rating available","Coach Bust rating–No rating available","-","-"
"547",14,"Kendric Pryor",CIN,"WR186","6","Coach Upside rating–No rating available","Coach Bust rating–No rating available","4 out of 5 stars","-"
"548",14,"Kye Robichaux",DET,"RB171","6","Coach Upside rating–No rating available","Coach Bust rating–No rating available","5 out of 5 stars","-"
"549",14,"Jack Endries",CIN,"TE90","6","Coach Upside rating–No rating available","Coach Bust rating–No rating available","3 out of 5 stars","-180"
"550",14,"Omarius Hines",FA,"WR187","-","Coach Upside rating–No rating available","Coach Bust rating–No rating available","-","-"
"551",14,"Miles Kitselman",DET,"TE91","6","Coach Upside rating–No rating available","Coach Bust rating–No rating available","3 out of 5 stars","-"
"552",14,"Dean Connors",LAR,"RB172","11","Coach Upside rating–No rating available","Coach Bust rating–No rating available","5 out of 5 stars","-"
"553",14,"Skyy Moore",GB,"WR188","11","Coach Upside rating–No rating available","Coach Bust rating–No rating available","5 out of 5 stars","-"
"554",14,"Alec Ingold",LAC,"RB173","7","Coach Upside rating–No rating available","Coach Bust rating–No rating available","3 out of 5 stars","-"
"555",14,"Carsen Ryan",CLE,"TE92","11","Coach Upside rating–No rating available","Coach Bust rating–No rating available","3 out of 5 stars","-"
"556",14,"Wendell Smallwood",FA,"RB174","-","Coach Upside rating–No rating available","Coach Bust rating–No rating available","-","-"
"557",14,"Royce Freeman",FA,"RB175","-","Coach Upside rating–No rating available","Coach Bust rating–No rating available","-","-"
"558",14,"Michael Bandy",DEN,"WR189","10","Coach Upside rating–No rating available","Coach Bust rating–No rating available","2 out of 5 stars","-"
"559",14,"Joe Royer",CLE,"TE93","11","Coach Upside rating–No rating available","Coach Bust rating–No rating available","3 out of 5 stars","-"
"560",14,"Roman Hemby",LV,"RB176","13","Coach Upside rating–No rating available","Coach Bust rating–No rating available","2 out of 5 stars","-"
"561",14,"Jalen Brooks",ARI,"WR190","14","Coach Upside rating–No rating available","Coach Bust rating–No rating available","2 out of 5 stars","-"
"562",14,"Tanner Koziol",JAC,"TE94","7","Coach Upside rating–No rating available","Coach Bust rating–No rating available","3 out of 5 stars","-"
"563",14,"David Moore",CAR,"WR191","5","Coach Upside rating–No rating available","Coach Bust rating–No rating available","2 out of 5 stars","-"
"564",14,"Khalil Dinkins",SF,"TE95","8","Coach Upside rating–No rating available","Coach Bust rating–No rating available","3 out of 5 stars","-"
"565",14,"Cash Jones",ATL,"RB177","11","Coach Upside rating–No rating available","Coach Bust rating–No rating available","2 out of 5 stars","-"
"566",14,"Craig Reynolds",FA,"RB178","-","Coach Upside rating–No rating available","Coach Bust rating–No rating available","-","-"
"567",14,"Michael Wortham",JAC,"WR192","7","Coach Upside rating–No rating available","Coach Bust rating–No rating available","4 out of 5 stars","-"
"568",15,"Gus Edwards",FA,"RB179","-","Coach Upside rating–No rating available","Coach Bust rating–No rating available","-","-"
"569",15,"Dontae McMillan",BAL,"RB180","13","Coach Upside rating–No rating available","Coach Bust rating–No rating available","3 out of 5 stars","-"
"570",15,"Nick Folk",ATL,"K27","11","Coach Upside rating–No rating available","Coach Bust rating–No rating available","0 out of 5 stars","-"
"571",15,"Chad Ryland",ARI,"K28","14","Coach Upside rating–No rating available","Coach Bust rating–No rating available","2 out of 5 stars","-"
"572",15,"Jordan Mims",FA,"RB181","-","Coach Upside rating–No rating available","Coach Bust rating–No rating available","-","-"
"573",15,"Michael Trigg",DAL,"TE96","14","Coach Upside rating–No rating available","Coach Bust rating–No rating available","2 out of 5 stars","-199"
"574",15,"Ja'Quinden Jackson",FA,"RB182","-","Coach Upside rating–No rating available","Coach Bust rating–No rating available","-","-"
"575",15,"Josh Cuevas",BAL,"TE97","13","Coach Upside rating–No rating available","Coach Bust rating–No rating available","4 out of 5 stars","-"
"576",15,"Theo Wease Jr.",MIA,"WR193","6","Coach Upside rating–No rating available","Coach Bust rating–No rating available","3 out of 5 stars","-208"
"577",15,"Patrick Ricard",NYG,"RB183","8","Coach Upside rating–No rating available","Coach Bust rating–No rating available","4 out of 5 stars","-"
"578",15,"Logan Thomas",FA,"TE98","-","Coach Upside rating–No rating available","Coach Bust rating–No rating available","-","-"
"579",15,"Adam Prentice",DEN,"RB184","10","Coach Upside rating–No rating available","Coach Bust rating–No rating available","2 out of 5 stars","-"
"580",15,"Kendall Milton",CIN,"RB185","6","Coach Upside rating–No rating available","Coach Bust rating–No rating available","2 out of 5 stars","-"
"581",15,"Brandon McManus",FA,"K29","-","Coach Upside rating–No rating available","Coach Bust rating–No rating available","-","-"
"582",15,"Jase McClellan",FA,"RB186","-","Coach Upside rating–No rating available","Coach Bust rating–No rating available","-","-"
"583",15,"Ben Sauls",NYG,"K30","8","Coach Upside rating–No rating available","Coach Bust rating–No rating available","2 out of 5 stars","-"
"584",15,"Jaheim Bell",PIT,"TE99","9","Coach Upside rating–No rating available","Coach Bust rating–No rating available","2 out of 5 stars","-"
"585",15,"Darrynton Evans",FA,"RB187","-","Coach Upside rating–No rating available","Coach Bust rating–No rating available","-","-"
"586",15,"Dominic Lovett",DET,"WR194","6","Coach Upside rating–No rating available","Coach Bust rating–No rating available","4 out of 5 stars","-"
"587",15,"Jordan Watkins",SF,"WR195","8","Coach Upside rating–No rating available","Coach Bust rating–No rating available","2 out of 5 stars","-"
"588",15,"Lewis Bond",HOU,"WR196","8","Coach Upside rating–No rating available","Coach Bust rating–No rating available","3 out of 5 stars","-"
"589",15,"Luke Farrell",SF,"TE100","8","Coach Upside rating–No rating available","Coach Bust rating–No rating available","3 out of 5 stars","-"
"590",15,"Pierre Strong Jr.",GB,"RB188","11","Coach Upside rating–No rating available","Coach Bust rating–No rating available","4 out of 5 stars","-"
"591",15,"Anthony Smith",DAL,"WR197","14","Coach Upside rating–No rating available","Coach Bust rating–No rating available","2 out of 5 stars","-"
"592",15,"Emmanuel Henderson Jr.",SEA,"WR198","11","Coach Upside rating–No rating available","Coach Bust rating–No rating available","3 out of 5 stars","-253"
"593",15,"Ricky White III",SEA,"WR199","11","Coach Upside rating–No rating available","Coach Bust rating–No rating available","3 out of 5 stars","-"
"594",15,"Kaden Prather",FA,"WR200","-","Coach Upside rating–No rating available","Coach Bust rating–No rating available","-","-"
"595",15,"Derius Davis",LAC,"WR201","7","Coach Upside rating–No rating available","Coach Bust rating–No rating available","2 out of 5 stars","-"
"596",15,"Trayveon Williams",FA,"RB189","-","Coach Upside rating–No rating available","Coach Bust rating–No rating available","-","-"
"597",15,"Tyler Johnson",DAL,"WR202","14","Coach Upside rating–No rating available","Coach Bust rating–No rating available","2 out of 5 stars","-"
"598",15,"Bauer Sharp",TB,"TE101","10","Coach Upside rating–No rating available","Coach Bust rating–No rating available","2 out of 5 stars","-"
"599",15,"Charlie Woerner",ATL,"TE102","11","Coach Upside rating–No rating available","Coach Bust rating–No rating available","3 out of 5 stars","-"
"600",15,"Julius Chestnut",TEN,"RB190","9","Coach Upside rating–No rating available","Coach Bust rating–No rating available","3 out of 5 stars","-"
"601",15,"DeeJay Dallas",JAC,"RB191","7","Coach Upside rating–No rating available","Coach Bust rating–No rating available","4 out of 5 stars","-"
"602",15,"Dale Moss",FA,"WR203","-","Coach Upside rating–No rating available","Coach Bust rating–No rating available","-","-"
"603",15,"Andrew Beck",NYJ,"TE103","13","Coach Upside rating–No rating available","Coach Bust rating–No rating available","4 out of 5 stars","-"
"604",15,"CJ Williams",JAC,"WR204","7","Coach Upside rating–No rating available","Coach Bust rating–No rating available","4 out of 5 stars","-"
"605",15,"Blake Watson",FA,"RB192","-","Coach Upside rating–No rating available","Coach Bust rating–No rating available","-","-"
"606",15,"Carlos Washington Jr.",MIA,"RB193","6","Coach Upside rating–No rating available","Coach Bust rating–No rating available","3 out of 5 stars","-"
"607",15,"Carson Steele",PHI,"RB194","10","Coach Upside rating–No rating available","Coach Bust rating–No rating available","4 out of 5 stars","-"
"608",15,"Chase Edmonds",WAS,"RB195","7","Coach Upside rating–No rating available","Coach Bust rating–No rating available","4 out of 5 stars","-"
"609",15,"Chris Evans",FA,"RB196","-","Coach Upside rating–No rating available","Coach Bust rating–No rating available","-","-"
"610",15,"Tyler Badie",DEN,"RB197","10","Coach Upside rating–No rating available","Coach Bust rating–No rating available","2 out of 5 stars","-"
"611",15,"D'Ernest Johnson",FA,"RB198","-","Coach Upside rating–No rating available","Coach Bust rating–No rating available","-","-"
"612",15,"Malik Taylor",FA,"WR205","-","Coach Upside rating–No rating available","Coach Bust rating–No rating available","-","-"
"613",15,"D'Onta Foreman",FA,"RB199","-","Coach Upside rating–No rating available","Coach Bust rating–No rating available","-","-"
"614",15,"Kameron Johnson",TB,"WR206","10","Coach Upside rating–No rating available","Coach Bust rating–No rating available","4 out of 5 stars","-"
"615",15,"Dare Ogunbowale",FA,"RB200","-","Coach Upside rating–No rating available","Coach Bust rating–No rating available","-","-"
"616",15,"Deuce Vaughn",FA,"RB201","-","Coach Upside rating–No rating available","Coach Bust rating–No rating available","-","-"
"617",15,"Dillon Johnson",FA,"RB202","-","Coach Upside rating–No rating available","Coach Bust rating–No rating available","-","-"
"618",15,"Dontrell Hilliard",FA,"RB203","-","Coach Upside rating–No rating available","Coach Bust rating–No rating available","-","-"
"619",15,"Eric Gray",NYG,"RB204","8","Coach Upside rating–No rating available","Coach Bust rating–No rating available","4 out of 5 stars","-"
"620",15,"JuJu Smith-Schuster",NYG,"WR207","8","Coach Upside rating–No rating available","Coach Bust rating–No rating available","4 out of 5 stars","-"
"621",15,"Hassan Haskins",LAC,"RB205","7","Coach Upside rating–No rating available","Coach Bust rating–No rating available","3 out of 5 stars","-"
"622",15,"Israel Abanikanda",DAL,"RB206","14","Coach Upside rating–No rating available","Coach Bust rating–No rating available","4 out of 5 stars","-"
"623",15,"JaMycal Hasty",FA,"RB207","-","Coach Upside rating–No rating available","Coach Bust rating–No rating available","-","-"
"624",15,"Jashaun Corbin",FA,"RB208","-","Coach Upside rating–No rating available","Coach Bust rating–No rating available","-","-"
"625",15,"Bisi Johnson",FA,"WR208","-","Coach Upside rating–No rating available","Coach Bust rating–No rating available","-","-"
"626",15,"Jeff Wilson Jr.",FA,"RB209","-","Coach Upside rating–No rating available","Coach Bust rating–No rating available","-","-"
"627",15,"Jonathan Ward",FA,"RB210","-","Coach Upside rating–No rating available","Coach Bust rating–No rating available","-","-"
"628",15,"Kevin Harris",FA,"RB211","-","Coach Upside rating–No rating available","Coach Bust rating–No rating available","-","-"
"629",15,"Gage Larvadain",CLE,"WR209","11","Coach Upside rating–No rating available","Coach Bust rating–No rating available","3 out of 5 stars","-"
"630",15,"Ross Dwelley",FA,"TE104","-","Coach Upside rating–No rating available","Coach Bust rating–No rating available","-","-"
"631",15,"Kendrick Law",DET,"WR210","6","Coach Upside rating–No rating available","Coach Bust rating–No rating available","4 out of 5 stars","-"
"632",15,"Raheem Blackshear",FA,"RB212","-","Coach Upside rating–No rating available","Coach Bust rating–No rating available","-","-"
"633",15,"Tanner Conner",NYG,"TE105","8","Coach Upside rating–No rating available","Coach Bust rating–No rating available","3 out of 5 stars","-"
"634",15,"Johnny Mundt",PHI,"TE106","10","Coach Upside rating–No rating available","Coach Bust rating–No rating available","4 out of 5 stars","-"
"635",15,"Drew Ogletree",IND,"TE107","13","Coach Upside rating–No rating available","Coach Bust rating–No rating available","3 out of 5 stars","-"
"636",15,"Cade Stover",HOU,"TE108","8","Coach Upside rating–No rating available","Coach Bust rating–No rating available","4 out of 5 stars","-"
"637",15,"Jimmy Horn Jr.",CAR,"WR211","5","Coach Upside rating–No rating available","Coach Bust rating–No rating available","2 out of 5 stars","-"
"638",15,"Josiah Deguara",FA,"TE109","-","Coach Upside rating–No rating available","Coach Bust rating–No rating available","-","-"
"639",15,"Ryan Griffin",FA,"TE110","-","Coach Upside rating–No rating available","Coach Bust rating–No rating available","-","-"
"640",15,"Reggie Gilliam",NE,"RB213","11","Coach Upside rating–No rating available","Coach Bust rating–No rating available","2 out of 5 stars","-"
"641",15,"Pharaoh Brown",FA,"TE111","-","Coach Upside rating–No rating available","Coach Bust rating–No rating available","-","-"
"642",15,"Reggie Virgil",ARI,"WR212","14","Coach Upside rating–No rating available","Coach Bust rating–No rating available","2 out of 5 stars","-"
"643",15,"Lil'Jordan Humphrey",DEN,"WR213","10","Coach Upside rating–No rating available","Coach Bust rating–No rating available","2 out of 5 stars","-260"
"644",15,"Tip Reiman",ARI,"TE112","14","Coach Upside rating–No rating available","Coach Bust rating–No rating available","2 out of 5 stars","-"
"645",15,"Connor Heyward",LV,"TE113","13","Coach Upside rating–No rating available","Coach Bust rating–No rating available","3 out of 5 stars","-"
"646",15,"Gavin Bartholomew",MIN,"TE114","6","Coach Upside rating–No rating available","Coach Bust rating–No rating available","4 out of 5 stars","-"
"647",15,"Anthony Firkser",WAS,"TE115","7","Coach Upside rating–No rating available","Coach Bust rating–No rating available","1 out of 5 stars","-"
"648",15,"Jack Stoll",CLE,"TE116","11","Coach Upside rating–No rating available","Coach Bust rating–No rating available","3 out of 5 stars","-"
"649",15,"Ben Sims",MIA,"TE117","6","Coach Upside rating–No rating available","Coach Bust rating–No rating available","5 out of 5 stars","-"
"650",15,"Brevyn Spann-Ford",DAL,"TE118","14","Coach Upside rating–No rating available","Coach Bust rating–No rating available","2 out of 5 stars","-"
"651",15,"Jared Wiley",KC,"TE119","5","Coach Upside rating–No rating available","Coach Bust rating–No rating available","4 out of 5 stars","-"
"652",15,"Braxton Berrios",NYG,"WR214","8","Coach Upside rating–No rating available","Coach Bust rating–No rating available","4 out of 5 stars","-"
"653",15,"Tucker Fisk",FA,"TE120","-","Coach Upside rating–No rating available","Coach Bust rating–No rating available","-","-"
"654",15,"Casey Washington",FA,"WR215","-","Coach Upside rating–No rating available","Coach Bust rating–No rating available","-","-"
"655",15,"Ian Thomas",LV,"TE121","13","Coach Upside rating–No rating available","Coach Bust rating–No rating available","3 out of 5 stars","-"
"656",15,"Jeremy Ruckert",NYJ,"TE122","13","Coach Upside rating–No rating available","Coach Bust rating–No rating available","4 out of 5 stars","-"
"657",15,"Josh Whyle",GB,"TE123","11","Coach Upside rating–No rating available","Coach Bust rating–No rating available","2 out of 5 stars","-"
"658",15,"Foster Moreau",HOU,"TE124","8","Coach Upside rating–No rating available","Coach Bust rating–No rating available","4 out of 5 stars","-"
"659",15,"Cedrick Wilson Jr.",DET,"WR216","6","Coach Upside rating–No rating available","Coach Bust rating–No rating available","4 out of 5 stars","-"
"660",15,"Geoff Swaim",FA,"TE125","-","Coach Upside rating–No rating available","Coach Bust rating–No rating available","-","-"
"661",15,"Harrison Bryant",SEA,"TE126","11","Coach Upside rating–No rating available","Coach Bust rating–No rating available","3 out of 5 stars","-"
"662",15,"Hunter Long",JAC,"TE127","7","Coach Upside rating–No rating available","Coach Bust rating–No rating available","3 out of 5 stars","-"
"663",16,"James Mitchell",CAR,"TE128","5","Coach Upside rating–No rating available","Coach Bust rating–No rating available","2 out of 5 stars","-"
"664",16,"Tyrion Davis-Price",FA,"RB214","-","Coach Upside rating–No rating available","Coach Bust rating–No rating available","-","-"
"665",16,"Lucas Krull",DEN,"TE129","10","Coach Upside rating–No rating available","Coach Bust rating–No rating available","4 out of 5 stars","-"
"666",16,"Stone Smartt",PHI,"TE130","10","Coach Upside rating–No rating available","Coach Bust rating–No rating available","4 out of 5 stars","-"
"667",16,"Brayden Willis",SF,"TE131","8","Coach Upside rating–No rating available","Coach Bust rating–No rating available","3 out of 5 stars","-"
"668",16,"Chris Manhertz",NYG,"TE132","8","Coach Upside rating–No rating available","Coach Bust rating–No rating available","3 out of 5 stars","-"
"669",16,"Cole Turner",MIA,"TE133","6","Coach Upside rating–No rating available","Coach Bust rating–No rating available","5 out of 5 stars","-"
"670",16,"Devin Culp",TB,"TE134","10","Coach Upside rating–No rating available","Coach Bust rating–No rating available","2 out of 5 stars","-"
"671",16,"Eric Saubert",SEA,"TE135","11","Coach Upside rating–No rating available","Coach Bust rating–No rating available","3 out of 5 stars","-"
"672",16,"Jesper Horsted",FA,"TE136","-","Coach Upside rating–No rating available","Coach Bust rating–No rating available","-","-"
"673",16,"Velus Jones Jr.",SEA,"WR217","11","Coach Upside rating–No rating available","Coach Bust rating–No rating available","3 out of 5 stars","-"
"674",16,"Michael Jacobson",FA,"TE137","-","Coach Upside rating–No rating available","Coach Bust rating–No rating available","-","-"
"675",16,"Noah Brown",FA,"WR218","-","Coach Upside rating–No rating available","Coach Bust rating–No rating available","-","-"
"676",16,"Payne Durham",TB,"TE138","10","Coach Upside rating–No rating available","Coach Bust rating–No rating available","2 out of 5 stars","-287"
"677",16,"Teagan Quitoriano",ARI,"TE139","14","Coach Upside rating–No rating available","Coach Bust rating–No rating available","2 out of 5 stars","-"
"678",16,"Quintin Morris",JAC,"TE140","7","Coach Upside rating–No rating available","Coach Bust rating–No rating available","3 out of 5 stars","-"
"679",16,"Blake Whiteheart",CLE,"TE141","11","Coach Upside rating–No rating available","Coach Bust rating–No rating available","3 out of 5 stars","-"
"680",16,"Brevin Jordan",HOU,"TE142","8","Coach Upside rating–No rating available","Coach Bust rating–No rating available","4 out of 5 stars","-"
"681",16,"Brycen Hopkins",FA,"TE143","-","Coach Upside rating–No rating available","Coach Bust rating–No rating available","-","-"
"682",16,"CJ Dippre",NE,"TE144","11","Coach Upside rating–No rating available","Coach Bust rating–No rating available","4 out of 5 stars","-"
"683",16,"Curtis Hodges",FA,"TE145","-","Coach Upside rating–No rating available","Coach Bust rating–No rating available","-","-"
"684",16,"Davis Allen",LAR,"TE146","11","Coach Upside rating–No rating available","Coach Bust rating–No rating available","4 out of 5 stars","-"
"685",16,"Anthony Gould",IND,"WR219","13","Coach Upside rating–No rating available","Coach Bust rating–No rating available","4 out of 5 stars","-"
"686",16,"Gerald Everett",FA,"TE147","-","Coach Upside rating–No rating available","Coach Bust rating–No rating available","-","-"
"687",16,"Grant Calcaterra",PHI,"TE148","10","Coach Upside rating–No rating available","Coach Bust rating–No rating available","4 out of 5 stars","-352"
"688",16,"John Hurst",FA,"WR220","-","Coach Upside rating–No rating available","Coach Bust rating–No rating available","-","-"
"689",16,"Jake Briningstool",KC,"TE149","5","Coach Upside rating–No rating available","Coach Bust rating–No rating available","4 out of 5 stars","-"
"690",16,"Jelani Woods",NYJ,"TE150","13","Coach Upside rating–No rating available","Coach Bust rating–No rating available","4 out of 5 stars","-"
"691",16,"Kenny Yeboah",ARI,"TE151","14","Coach Upside rating–No rating available","Coach Bust rating–No rating available","2 out of 5 stars","-"
"692",16,"Ko Kieft",TB,"TE152","10","Coach Upside rating–No rating available","Coach Bust rating–No rating available","2 out of 5 stars","-"
"693",16,"Marquez Valdes-Scantling",DAL,"WR221","14","Coach Upside rating–No rating available","Coach Bust rating–No rating available","2 out of 5 stars","-313"
"694",16,"Kylen Granson",TEN,"TE153","9","Coach Upside rating–No rating available","Coach Bust rating–No rating available","3 out of 5 stars","-"
"695",16,"Luke Lachey",GB,"TE154","11","Coach Upside rating–No rating available","Coach Bust rating–No rating available","2 out of 5 stars","-"
"696",16,"Mitchell Wilcox",FA,"TE155","-","Coach Upside rating–No rating available","Coach Bust rating–No rating available","-","-"
"697",16,"Nick Boyle",FA,"TE156","-","Coach Upside rating–No rating available","Coach Bust rating–No rating available","-","-"
"698",16,"Nick Vannett",LAR,"TE157","11","Coach Upside rating–No rating available","Coach Bust rating–No rating available","4 out of 5 stars","-"
"699",16,"Noah Togiai",FA,"TE158","-","Coach Upside rating–No rating available","Coach Bust rating–No rating available","-","-"
"700",16,"Peyton Hendershot",FA,"TE159","-","Coach Upside rating–No rating available","Coach Bust rating–No rating available","-","-"
"701",16,"Sean McKeon",IND,"TE160","13","Coach Upside rating–No rating available","Coach Bust rating–No rating available","3 out of 5 stars","-"
"702",16,"Tyler Davis",FA,"WR222","-","Coach Upside rating–No rating available","Coach Bust rating–No rating available","-","-"
"703",16,"Zach Gentry",FA,"TE161","-","Coach Upside rating–No rating available","Coach Bust rating–No rating available","-","-"
"704",16,"Gabe Davis",FA,"WR223","-","Coach Upside rating–No rating available","Coach Bust rating–No rating available","-","-"
"705",16,"Jonathan Mingo",DAL,"WR224","14","Coach Upside rating–No rating available","Coach Bust rating–No rating available","2 out of 5 stars","-"
"706",16,"Nelson Agholor",FA,"WR225","-","Coach Upside rating–No rating available","Coach Bust rating–No rating available","-","-"
"707",16,"Brycen Tremayne",CAR,"WR226","5","Coach Upside rating–No rating available","Coach Bust rating–No rating available","2 out of 5 stars","-"
"708",16,"DeAndre Carter",FA,"WR227","-","Coach Upside rating–No rating available","Coach Bust rating–No rating available","-","-"
"709",16,"Tyrell Shavers",BUF,"WR228","7","Coach Upside rating–No rating available","Coach Bust rating–No rating available","4 out of 5 stars","-"
"710",16,"Jake Bobo",SEA,"WR229","11","Coach Upside rating–No rating available","Coach Bust rating–No rating available","3 out of 5 stars","-"
"711",16,"Tahj Washington",MIA,"WR230","6","Coach Upside rating–No rating available","Coach Bust rating–No rating available","3 out of 5 stars","-"
"712",16,"Bub Means",NO,"WR231","8","Coach Upside rating–No rating available","Coach Bust rating–No rating available","3 out of 5 stars","-"
"713",16,"Mason Tipton",NO,"WR232","8","Coach Upside rating–No rating available","Coach Bust rating–No rating available","3 out of 5 stars","-"
"714",16,"Barion Brown",NO,"WR233","8","Coach Upside rating–No rating available","Coach Bust rating–No rating available","3 out of 5 stars","-380"
"715",16,"Josh Cameron",JAC,"WR234","7","Coach Upside rating–No rating available","Coach Bust rating–No rating available","4 out of 5 stars","-"
"716",16,"KeAndre Lambert-Smith",LAC,"WR235","7","Coach Upside rating–No rating available","Coach Bust rating–No rating available","2 out of 5 stars","-345"
"717",16,"Stephen Campbell",FA,"RB215","-","Coach Upside rating–No rating available","Coach Bust rating–No rating available","-","-"
"718",16,"Marquez Callaway",FA,"WR236","-","Coach Upside rating–No rating available","Coach Bust rating–No rating available","-","-"
"719",16,"Samori Toure",PHI,"WR237","10","Coach Upside rating–No rating available","Coach Bust rating–No rating available","4 out of 5 stars","-"
"720",16,"Scotty Miller",CHI,"WR238","10","Coach Upside rating–No rating available","Coach Bust rating–No rating available","3 out of 5 stars","-"
"721",16,"Trenton Irwin",FA,"WR239","-","Coach Upside rating–No rating available","Coach Bust rating–No rating available","-","-"
"722",16,"Dee Eskridge",FA,"WR240","-","Coach Upside rating–No rating available","Coach Bust rating–No rating available","-","-"
"723",16,"LaJohntay Wester",BAL,"WR241","13","Coach Upside rating–No rating available","Coach Bust rating–No rating available","4 out of 5 stars","-"
"724",16,"Tylan Wallace",CLE,"WR242","11","Coach Upside rating–No rating available","Coach Bust rating–No rating available","3 out of 5 stars","-"
"725",16,"Allen Lazard",FA,"WR243","-","Coach Upside rating–No rating available","Coach Bust rating–No rating available","-","-"
"726",16,"Arian Smith",NYJ,"WR244","13","Coach Upside rating–No rating available","Coach Bust rating–No rating available","4 out of 5 stars","-"
"727",16,"Curtis Samuel",FA,"WR245","-","Coach Upside rating–No rating available","Coach Bust rating–No rating available","-","-"
"728",16,"Jamari Thrash",CLE,"WR246","11","Coach Upside rating–No rating available","Coach Bust rating–No rating available","3 out of 5 stars","-"
"729",16,"Jason Brownlee",KC,"WR247","5","Coach Upside rating–No rating available","Coach Bust rating–No rating available","2 out of 5 stars","-"
"730",16,"KhaDarel Hodge",FA,"WR248","-","Coach Upside rating–No rating available","Coach Bust rating–No rating available","-","-"
"731",16,"Shedrick Jackson",LV,"WR249","13","Coach Upside rating–No rating available","Coach Bust rating–No rating available","2 out of 5 stars","-"
"732",16,"Ainias Smith",CAR,"WR250","5","Coach Upside rating–No rating available","Coach Bust rating–No rating available","2 out of 5 stars","-"
"733",16,"Anthony Schwartz",FA,"WR251","-","Coach Upside rating–No rating available","Coach Bust rating–No rating available","-","-"
"734",16,"Austin Trammell",JAC,"WR252","7","Coach Upside rating–No rating available","Coach Bust rating–No rating available","4 out of 5 stars","-"
"735",16,"Brandon Powell",FA,"WR253","-","Coach Upside rating–No rating available","Coach Bust rating–No rating available","-","-"
"736",16,"Britain Covey",PHI,"WR254","10","Coach Upside rating–No rating available","Coach Bust rating–No rating available","4 out of 5 stars","-"
"737",16,"Byron Pringle",FA,"WR255","-","Coach Upside rating–No rating available","Coach Bust rating–No rating available","-","-"
"738",16,"Charlie Jones",CIN,"WR256","6","Coach Upside rating–No rating available","Coach Bust rating–No rating available","4 out of 5 stars","-"
"739",16,"Chris Blair",ATL,"WR257","11","Coach Upside rating–No rating available","Coach Bust rating–No rating available","3 out of 5 stars","-"
"740",16,"Cody Thompson",FA,"WR258","-","Coach Upside rating–No rating available","Coach Bust rating–No rating available","-","-"
"741",16,"Danny Gray",PHI,"WR259","10","Coach Upside rating–No rating available","Coach Bust rating–No rating available","4 out of 5 stars","-"
"742",16,"Daurice Fountain",FA,"WR260","-","Coach Upside rating–No rating available","Coach Bust rating–No rating available","-","-"
"743",16,"Equanimeous St. Brown",FA,"WR261","-","Coach Upside rating–No rating available","Coach Bust rating–No rating available","-","-"
"744",16,"Isaiah McKenzie",FA,"WR262","-","Coach Upside rating–No rating available","Coach Bust rating–No rating available","-","-"
"745",16,"Jacob Cowing",SF,"WR263","8","Coach Upside rating–No rating available","Coach Bust rating–No rating available","2 out of 5 stars","-354"
"746",16,"Jalen Guyton",FA,"WR264","-","Coach Upside rating–No rating available","Coach Bust rating–No rating available","-","-"
"747",16,"Jalen Reagor",MIA,"WR265","6","Coach Upside rating–No rating available","Coach Bust rating–No rating available","3 out of 5 stars","-"
"748",16,"Jalin Hyatt",NYG,"WR266","8","Coach Upside rating–No rating available","Coach Bust rating–No rating available","4 out of 5 stars","-"
"749",16,"James Proche II",FA,"WR267","-","Coach Upside rating–No rating available","Coach Bust rating–No rating available","-","-"
"750",16,"Javon Baker",FA,"WR268","-","Coach Upside rating–No rating available","Coach Bust rating–No rating available","-","-"
"751",16,"Johnny Wilson",PHI,"WR269","10","Coach Upside rating–No rating available","Coach Bust rating–No rating available","4 out of 5 stars","-"
"752",16,"Justin Shorter",LV,"WR270","13","Coach Upside rating–No rating available","Coach Bust rating–No rating available","2 out of 5 stars","-"
"753",16,"Laquon Treadwell",IND,"WR271","13","Coach Upside rating–No rating available","Coach Bust rating–No rating available","4 out of 5 stars","-"
"754",16,"Laviska Shenault Jr.",FA,"WR272","-","Coach Upside rating–No rating available","Coach Bust rating–No rating available","-","-"
"755",16,"Malachi Corley",CLE,"WR273","11","Coach Upside rating–No rating available","Coach Bust rating–No rating available","3 out of 5 stars","-"
"756",16,"Nick Nash",WAS,"WR274","7","Coach Upside rating–No rating available","Coach Bust rating–No rating available","2 out of 5 stars","-"
"757",16,"Nikko Remigio",KC,"WR275","5","Coach Upside rating–No rating available","Coach Bust rating–No rating available","2 out of 5 stars","-"
"758",16,"Rakim Jarrett",FA,"WR276","-","Coach Upside rating–No rating available","Coach Bust rating–No rating available","-","-"
"759",16,"Tejhaun Palmer",ARI,"WR277","14","Coach Upside rating–No rating available","Coach Bust rating–No rating available","2 out of 5 stars","-"
"760",16,"Tim Jones",JAC,"WR278","7","Coach Upside rating–No rating available","Coach Bust rating–No rating available","4 out of 5 stars","-"
"761",16,"Trey Palmer",NO,"WR279","8","Coach Upside rating–No rating available","Coach Bust rating–No rating available","3 out of 5 stars","-"
"762",16,"Trishton Jackson",FA,"WR280","-","Coach Upside rating–No rating available","Coach Bust rating–No rating available","-","-"
"763",16,"Xavier Gipson",NYG,"WR281","8","Coach Upside rating–No rating available","Coach Bust rating–No rating available","4 out of 5 stars","-"
"764",16,"Zach Pascal",FA,"WR282","-","Coach Upside rating–No rating available","Coach Bust rating–No rating available","-","-"
"765",16,"Ross Travis",FA,"TE162","-","Coach Upside rating–No rating available","Coach Bust rating–No rating available","-","-"
"766",16,"Mazeo Bennett",FA,"WR283","-","Coach Upside rating–No rating available","Coach Bust rating–No rating available","-","-"